order_id,warehouse,shipping_mode,distance_km,weight_kg,promised_days,actual_days,cost_inr,delayed,customer_rating,distance_norm,cost_zscore
QC100000,Bangalore,Road,1268.3,2.72,3.4,2.85,9748.45,0,4.7,0.905627830086969,0.5324639056716758
QC100001,Hyderabad,Road,1037.6,1.57,3.1,3.45,7958.34,1,2.5,0.7398116869115215,0.17900659198056348
QC100002,Delhi-NCR,Rail,274.2,4.22,1.3,1.62,1618.51,1,2.9,0.1911162222381945,-1.072793175105439
QC100003,Hyderabad,Road,862.4,2.9,2.8,2.23,6563.38,0,4.7,0.6138862933946669,-0.09642833341874374
QC100004,Hyderabad,Road,614.2,7.62,2.0,2.7,4851.89,1,3.2,0.4354919859124561,-0.43436212397306806
QC100005,Pune,Air,811.5,0.82,2.6,1.39,16033.09,0,3.8,0.5773018040681378,1.773366404353718
QC100006,Delhi-NCR,Road,1035.4,3.0,3.3,3.02,8067.48,0,5.0,0.7382304319701001,0.20055629072323727
QC100007,Delhi-NCR,Air,1130.2,4.13,3.4,0.99,18781.1425,0,4.0,0.8063681449004529,2.3159695150743698
QC100008,Delhi-NCR,Road,1182.5,1.84,3.5,3.33,9020.25,0,4.4,0.8439588873715231,0.3886807773556124
QC100009,Hyderabad,Rail,361.5,4.67,1.6,1.63,2027.79,1,3.2,0.2538632933227916,-0.9919808175701487
QC100010,Bangalore,Air,51.3,6.54,1.0,0.46,1250.97,0,3.9,0.030906346582333072,-1.1453639674444747
QC100011,Delhi-NCR,Road,1037.1,3.22,3.2,3.4,8042.06,1,3.4,0.7394523107884712,0.1955371103857006
QC100012,Hyderabad,Rail,156.0,1.04,1.0,1.49,833.82,1,3.5,0.10615970674908358,-1.2277302568938646
QC100013,Pune,Road,446.4,2.52,1.9,0.94,3437.98,0,4.2,0.3148853590167469,-0.7135387278694769
QC100014,Bangalore,Rail,13.3,5.6,0.7,0.76,98.99,1,3.1,0.0035937612305038456,-1.372822479058782
QC100015,Pune,Road,956.9,4.05,3.0,2.64,7471.22,0,4.7,0.6818083806511895,0.0828247223495271
QC100016,Bangalore,Road,240.6,2.73,1.2,2.1,1950.41,1,2.3,0.16696614676920865,-1.0072595026416908
QC100017,Hyderabad,Road,920.2,6.59,3.1,2.77,7199.35,0,4.0,0.6554301732192914,0.029143976544407514
QC100018,Mumbai,Road,1388.5,4.68,3.9,3.23,10754.07,0,4.5,0.9920218500682815,0.7310236275848855
QC100019,Bangalore,Road,109.2,4.9,0.8,0.81,877.11,1,3.0,0.07252210163156761,-1.2191826441160531
QC100020,Pune,Air,115.3,2.35,1.1,0.41,2232.37,0,4.1,0.0769064903327823,-0.9515864858056606
QC100021,Hyderabad,Air,481.8,2.22,1.8,0.3,9613.23,0,4.9,0.3403291885287142,0.5057647095567372
QC100022,Bangalore,Rail,1214.0,1.08,3.4,3.64,6628.35,1,5.0,0.8665995831236973,-0.08360000350018475
QC100023,Mumbai,Road,308.0,2.57,1.5,1.09,2498.88,0,5.0,0.2154100481564005,-0.8989640722825708
QC100024,Mumbai,Air,509.6,5.27,1.8,0.77,10172.89,0,3.5,0.36031050097031553,0.616269606004647
QC100025,Delhi-NCR,Road,103.4,2.66,1.1,0.56,818.08,0,3.3,0.06835333860418315,-1.230838120722064
QC100026,Delhi-NCR,Road,1070.3,3.92,3.2,2.8,18781.1425,0,4.8,0.7633148853590168,2.3159695150743698
QC100027,Pune,Road,576.4,5.85,2.1,2.22,4555.0,1,2.8,0.40832315100984695,-0.49298307009467757
QC100028,Bangalore,Road,1064.9,3.76,3.1,3.1,8197.24,1,2.8,0.7594336232300727,0.22617740955088406
QC100029,Bangalore,Air,1265.8,3.98,3.7,1.63,18781.1425,0,4.9,0.9038309494717172,2.3159695150743698
QC100030,Delhi-NCR,Road,332.0,1.33,1.6,0.74,2613.6,0,4.2,0.23266010206281895,-0.8763126022462912
QC100031,Bangalore,Road,1131.9,2.48,3.3,2.99,8666.12,0,4.9,0.8075900237188243,0.31875779022217743
QC100032,Bangalore,Road,90.3,8.47,0.8,0.3,926.72,0,4.1,0.058937684180263065,-1.209387147005699
QC100033,Mumbai,Road,1259.2,3.2,3.4,2.94,9728.47,0,4.6,0.8990871846474521,0.5285188536203779
QC100034,Delhi-NCR,Road,913.9,9.37,2.8,3.2,7048.54,1,3.0,0.6509020340688565,-0.0006334658908376743
QC100035,Hyderabad,Rail,1224.9,1.95,3.3,4.31,6618.64,1,2.8,0.8744339826061958,-0.08551724351110067
QC100036,Delhi-NCR,Road,8.3,3.46,0.9,0.86,40.0,0,5.0,0.0,-1.384470057662688
QC100037,Hyderabad,Road,243.4,2.39,1.5,1.72,1893.23,1,3.9,0.1689786530582908,-1.0185496966503595
QC100038,Mumbai,Road,550.5,4.29,2.2,1.95,4258.65,0,4.0,0.38970746783583704,-0.5514973931878736
QC100039,Pune,Air,536.3,5.14,2.1,0.3,10761.35,0,4.3,0.3795011859412061,0.732461063967941
QC100040,Bangalore,Rail,323.6,3.0,1.6,1.25,1772.16,0,5.0,0.2266225831955725,-1.04245497452076
QC100041,Mumbai,Air,539.2,5.61,2.3,0.8,10800.4,0,3.9,0.38158556745489836,0.7401714885226542
QC100042,Bangalore,Air,187.4,2.98,1.3,0.38,3798.29,0,3.9,0.12872852727664774,-0.6423954994108657
QC100043,Pune,Road,582.6,2.68,2.2,1.64,4520.56,0,4.6,0.4127794149356717,-0.49978324990682416
QC100044,Pune,Road,1124.9,1.05,3.0,2.66,8692.79,0,5.0,0.8025587579961189,0.3240237831254862
QC100045,Mumbai,Rail,674.9,4.41,2.5,3.29,3847.94,1,3.3,0.4791202472507727,-0.6325921042984068
QC100046,Pune,Air,33.1,3.33,0.9,0.3,722.04,0,4.9,0.017825055703299075,-1.2498012237754488
QC100047,Hyderabad,Air,594.7,2.88,2.1,1.9,11851.21,0,3.9,0.42147631711349104,0.9476539783136488
QC100048,Pune,Air,45.8,2.68,0.9,0.3,902.26,0,4.6,0.026953209228778842,-1.2142167752927229
QC100049,Bangalore,Air,1353.0,2.94,3.7,1.81,18781.1425,0,4.2,0.9665061453317042,2.3159695150743698
QC100050,Bangalore,Air,185.4,2.61,1.4,0.53,3779.93,0,5.0,0.1272910227844462,-0.646020682376923
QC100051,Bangalore,Rail,993.1,2.19,3.0,2.59,5456.25,0,5.0,0.7078272119600374,-0.31503121017315605
QC100052,Bangalore,Rail,1362.1,3.47,3.7,3.63,7356.02,0,5.0,0.9730467907712211,0.060078476287991185
QC100053,Hyderabad,Air,1157.8,4.02,3.2,1.57,18781.1425,0,4.1,0.826205706892834,2.3159695150743698
QC100054,Delhi-NCR,Air,981.4,1.89,3.0,1.11,18781.1425,0,4.4,0.6994178106806584,2.3159695150743698
QC100055,Mumbai,Road,1176.5,2.36,3.3,2.93,9034.22,0,4.6,0.8396463738949185,0.39143915459067874
QC100056,Bangalore,Air,1374.7,2.66,3.7,0.62,18781.1425,0,4.1,0.982103069072091,2.3159695150743698
QC100057,Pune,Road,872.9,3.01,2.5,2.8,6741.5,1,3.4,0.6214331919787249,-0.061258530046514735
QC100058,Bangalore,Road,786.4,2.78,2.7,2.6,6121.02,0,4.9,0.5592611226910085,-0.18377233869462078
QC100059,Pune,Rail,882.5,4.46,2.7,3.16,4873.51,1,3.0,0.6283332135412923,-0.43009325383547775
QC100060,Pune,Road,749.5,1.11,2.3,3.15,5785.82,1,2.9,0.53273916480989,-0.2499575963320068
QC100061,Bangalore,Road,892.0,1.24,2.7,2.59,6699.03,0,4.0,0.6351613598792497,-0.06964423378118
QC100062,Hyderabad,Road,634.2,3.37,2.3,2.55,4815.46,1,2.6,0.44986703083447144,-0.4415552293899236
QC100063,Pune,Road,312.1,3.0,1.5,1.78,2377.4,1,3.7,0.21835693236541365,-0.9229503046745448
QC100064,Pune,Air,175.4,5.11,1.2,0.3,3527.02,0,4.0,0.12010350032343851,-0.6959577751844148
QC100065,Bangalore,Road,103.1,6.06,1.0,0.92,948.18,0,4.0,0.06813771293035291,-1.2051498688765274
QC100066,Pune,Road,374.5,3.46,1.4,0.87,2874.47,0,4.7,0.2632070725221016,-0.8248038070199643
QC100067,Pune,Road,72.2,1.58,1.1,0.3,620.79,0,4.4,0.04592826852583915,-1.2697930416029706
QC100068,Bangalore,Air,797.5,5.66,2.3,0.62,15845.27,0,4.1,0.567239272622727,1.7362813354710995
QC100069,Bangalore,Air,403.1,3.38,1.7,0.52,7970.17,0,4.8,0.28376338676058366,0.18134242610302848
QC100070,Mumbai,Road,1155.8,1.23,3.4,3.25,8794.74,0,4.1,0.8247682024006325,0.3441538159898401
QC100071,Hyderabad,Road,111.3,1.3,1.0,1.06,1010.34,1,2.2,0.07403148134837921,-1.1928763736058237
QC100072,Hyderabad,Road,323.1,7.46,1.6,1.37,2557.55,0,5.0,0.22626320707252212,-0.8873796776955021
QC100073,Pune,Air,1024.5,6.76,3.0,1.65,18781.1425,0,4.0,0.7303960324876015,2.3159695150743698
QC100074,Hyderabad,Air,841.5,0.66,2.7,1.54,16580.09,0,4.0,0.5988643714511608,1.8813715831354905
QC100075,Pune,Road,97.8,1.33,1.2,1.0,857.25,0,4.0,0.06432832602601883,-1.2231040021610367
QC100076,Mumbai,Road,1229.1,5.96,3.4,2.46,9530.84,0,4.4,0.8774527420398188,0.48949679972158155
QC100077,Bangalore,Road,1229.1,2.97,3.6,2.69,9472.51,0,4.3,0.8774527420398188,0.4779795381524028
QC100078,Bangalore,Rail,467.9,4.58,2.1,1.74,2633.93,0,4.9,0.33033853230791344,-0.8722984426765774
QC100079,Bangalore,Road,481.8,2.89,1.9,1.8,3769.23,0,5.0,0.3403291885287142,-0.6481333979399302
QC100080,Hyderabad,Road,1384.7,4.45,3.7,3.29,10721.6,0,4.1,0.9892905915330986,0.7246124243763954
QC100081,Mumbai,Road,879.6,3.01,3.1,2.41,6747.17,0,3.9,0.6262488320276002,-0.0601389882481735
QC100082,Hyderabad,Road,747.6,2.31,2.4,1.73,5721.26,0,4.1,0.5313735355422986,-0.2627049717289925
QC100083,Hyderabad,Air,1174.7,5.67,3.4,2.01,18781.1425,0,4.6,0.8383526198519371,2.3159695150743698
QC100084,Mumbai,Road,405.1,3.39,1.7,1.52,3201.1,0,4.3,0.2852008912527852,-0.7603106963335102
QC100085,Mumbai,Air,605.4,4.44,2.2,0.34,12062.84,0,4.1,0.42916696614676925,0.9894403329490905
QC100086,Mumbai,Air,380.7,3.3,1.6,0.3,7643.69,0,3.8,0.2676633364479264,0.11687893292446713
QC100087,Mumbai,Road,1106.5,3.0,3.2,3.04,8542.12,0,3.3,0.7893337166678647,0.2942739836976075
QC100088,Bangalore,Road,806.1,7.89,2.7,2.7,6295.67,0,3.9,0.5734205419391937,-0.14928768700497455
QC100089,Delhi-NCR,Rail,925.1,3.72,2.8,2.95,4957.67,1,3.9,0.6589520592251852,-0.413475857407189
QC100090,Delhi-NCR,Road,359.2,2.43,1.5,1.84,2761.41,1,3.5,0.25221016315675987,-0.8471275099688986
QC100091,Mumbai,Road,314.6,6.47,1.4,1.02,2627.72,0,4.3,0.22015381298066558,-0.8735246075033323
QC100092,Delhi-NCR,Rail,687.8,1.36,2.1,3.05,3759.0,1,3.7,0.4883921512254726,-0.6501533119782072
QC100093,Delhi-NCR,Road,1034.7,11.49,3.0,3.42,8083.9,1,2.7,0.7377273053978295,0.20379842058721662
QC100094,Mumbai,Road,739.1,2.7,2.3,2.18,5717.75,0,4.4,0.5252641414504421,-0.2633980214136799
QC100095,Delhi-NCR,Road,53.4,1.4,0.9,0.3,474.31,0,3.5,0.03241572629914468,-1.298715525310382
QC100096,Hyderabad,Rail,1217.0,9.43,3.6,4.3,6703.2,1,3.5,0.8687558398619997,-0.068820867061765
QC100097,Pune,Road,98.0,2.28,1.2,1.02,864.86,0,4.5,0.06447207647523899,-1.2216014072606176
QC100098,Pune,Road,1338.5,3.48,3.7,3.71,10331.91,1,3.4,0.956084237763243,0.6476681133718819
QC100099,Mumbai,Road,43.0,4.62,1.0,0.74,346.12,0,5.0,0.02494070293969669,-1.3240266475554192
QC100100,Bangalore,Road,974.7,6.11,3.0,2.13,7617.82,0,4.8,0.6946021706317833,0.11177090006325244
QC100101,Mumbai,Road,122.4,3.6,0.8,1.26,976.58,1,2.7,0.08200963128009776,-1.1995422873821904
QC100102,Bangalore,Road,1275.7,2.04,3.4,3.44,9785.08,1,3.9,0.9109465967081148,0.5396965010990546
QC100103,Pune,Road,654.5,3.43,2.3,1.61,5007.71,0,4.3,0.464457701430317,-0.4035954567742093
QC100104,Mumbai,Road,199.4,2.34,1.4,1.52,1605.42,1,2.3,0.13735355422985696,-1.075377796294202
QC100105,Hyderabad,Road,482.4,3.49,2.0,1.79,3744.25,0,4.3,0.3407604398763746,-0.6530657002543153
QC100106,Delhi-NCR,Road,237.4,7.98,1.3,1.28,2000.18,0,4.7,0.1646661395816862,-0.9974324135229178
QC100107,Bangalore,Road,245.5,4.73,1.0,0.96,1930.16,0,3.9,0.1704880327751024,-1.0112578662071952
QC100108,Delhi-NCR,Road,1327.8,3.4,3.5,3.82,10178.95,1,4.0,0.9483935887299648,0.6174661533235093
QC100109,Delhi-NCR,Air,627.8,4.68,2.0,1.59,12469.89,0,3.9,0.44526701645942646,1.0698123768670436
QC100110,Mumbai,Road,1106.0,4.88,3.3,3.3,8572.5,1,3.1,0.7889743405448143,0.300272516296127
QC100111,Delhi-NCR,Road,898.3,1.57,2.7,3.23,6859.43,1,3.0,0.6396894990296845,-0.03797324534133296
QC100112,Hyderabad,Road,949.6,3.08,3.1,2.89,7307.69,0,3.5,0.676561489254654,0.05053571524498727
QC100113,Delhi-NCR,Rail,191.3,13.98,1.4,1.67,1253.55,1,2.8,0.13153166103644073,-1.1448545463087214
QC100114,Mumbai,Air,334.0,6.22,1.8,0.3,6751.57,0,4.0,0.2340976065550205,-0.05927020801665658
QC100115,Hyderabad,Road,1103.2,2.22,3.1,3.4,8375.32,1,3.2,0.7869618342557322,0.26133931492100837
QC100116,Pune,Road,1359.3,2.09,3.8,3.53,10451.09,0,2.9,0.971034284482139,0.6712002106428355
QC100117,Delhi-NCR,Rail,373.6,2.05,1.5,1.01,2158.22,0,4.8,0.26256019550061094,-0.9662274072072483
QC100118,Mumbai,Road,386.0,3.0,1.7,0.75,3117.96,0,4.8,0.27147272335226047,-0.7767266937081292
QC100119,Pune,Road,666.3,7.88,2.1,1.8,5202.04,0,5.0,0.47293897793430606,-0.3652249880490506
QC100120,Pune,Road,1377.5,4.26,4.0,3.79,10644.23,0,3.7,0.9841155753611731,0.7093357138053793
QC100121,Bangalore,Road,382.4,3.3,1.5,1.04,3002.79,0,4.3,0.2688852152662977,-0.7994670162680866
QC100122,Hyderabad,Rail,574.5,2.3,1.8,2.06,3231.86,1,3.8,0.40695752174225547,-0.7542371327149959
QC100123,Delhi-NCR,Air,1248.9,3.66,3.8,2.06,18781.1425,0,4.9,0.8916840365126142,2.3159695150743698
QC100124,Mumbai,Road,12.1,1.84,0.9,0.38,192.46,0,5.0,0.0027312585351829217,-1.3543668226406242
QC100125,Bangalore,Road,63.4,0.94,0.8,1.2,485.88,1,3.4,0.03960324876015237,-1.2964310282015974
QC100126,Hyderabad,Rail,848.9,8.02,2.6,3.5,4683.83,1,3.3,0.6041831380723065,-0.4675455798159651
QC100127,Bangalore,Rail,1271.1,1.64,3.5,3.61,6847.15,1,2.5,0.9076403363760511,-0.04039793198747598
QC100128,Hyderabad,Road,340.5,2.47,1.5,1.72,2571.29,1,3.8,0.2387694961546755,-0.8846667139725376
QC100129,Hyderabad,Rail,661.7,4.45,2.4,2.78,3616.43,1,3.1,0.46963271760224257,-0.6783037659798842
QC100130,Delhi-NCR,Rail,635.0,7.1,2.3,2.47,3492.02,1,3.3,0.450442032631352,-0.7028685270260273
QC100131,Hyderabad,Air,666.4,3.51,2.3,1.38,13268.71,0,4.4,0.47301085315891617,1.2275394278989544
QC100132,Bangalore,Road,874.5,1.47,2.7,2.69,6751.78,0,3.2,0.6225831955724862,-0.05922874350560689
QC100133,Hyderabad,Road,661.9,3.0,2.4,1.77,5093.32,0,4.0,0.46977646805146267,-0.3866917577696252
QC100134,Delhi-NCR,Air,630.9,3.0,1.9,1.1,12617.8,0,4.6,0.44749514842233884,1.0990172141496979
QC100135,Delhi-NCR,Road,668.2,2.94,2.1,2.32,5131.74,1,3.3,0.4743046072018976,-0.3791057267480609
QC100136,Bangalore,Air,830.5,6.29,2.5,1.39,16538.59,0,4.6,0.5909580967440524,1.8731774059518642
QC100137,Pune,Road,755.5,0.66,2.6,2.08,5763.08,0,4.8,0.5370516782864947,-0.2544476105285287
QC100138,Pune,Road,1197.0,3.0,3.3,2.99,9235.27,0,4.0,0.8543807949399842,0.43113648766942725
QC100139,Hyderabad,Road,76.9,2.25,0.8,0.88,670.76,1,3.0,0.049306404082512766,-1.2599264624736741
QC100140,Mumbai,Road,1168.0,1.41,3.4,3.49,8990.3,1,3.2,0.833536979803062,0.38276714827971814
QC100141,Hyderabad,Rail,1182.7,4.27,3.2,3.46,6455.99,1,3.7,0.8441026378207432,-0.11763249456933708
QC100142,Bangalore,Air,404.6,1.29,1.6,0.3,7953.86,0,4.3,0.2848415151297348,0.178122015744837
QC100143,Bangalore,Air,652.3,1.38,2.6,0.67,12921.21,0,5.0,0.4628764464888953,1.1589255346143734
QC100144,Bangalore,Air,618.4,5.01,2.3,0.71,12423.19,0,5.0,0.43851074534607926,1.0605914594098065
QC100145,Bangalore,Road,312.2,3.0,1.4,0.46,2582.14,0,4.8,0.2184288075900237,-0.8825243809016379
QC100146,Bangalore,Road,560.3,2.87,2.0,2.26,4355.6,1,4.0,0.39675123984762456,-0.5323546105866069
QC100147,Delhi-NCR,Road,69.8,1.45,1.1,0.78,537.0,0,4.5,0.0442032631351973,-1.286337381511791
QC100148,Pune,Road,394.7,1.97,1.8,1.36,3054.1,0,3.7,0.27772586789333714,-0.7893358540682827
QC100149,Bangalore,Road,1144.8,5.5,3.3,3.47,8833.92,1,3.1,0.8168619276935241,0.3518899090513937
QC100150,Mumbai,Road,404.1,3.22,1.7,1.71,3220.91,1,3.5,0.2844821390066844,-0.7563992107911576
QC100151,Mumbai,Road,1146.9,2.83,3.1,2.76,8774.39,0,4.8,0.8183713074103358,0.34013570741907384
QC100152,Mumbai,Rail,748.0,3.62,2.2,2.58,4159.78,1,3.6,0.5316610364407389,-0.5710192798901658
QC100153,Mumbai,Rail,1232.8,2.94,3.5,3.68,6678.29,1,3.2,0.8801121253503917,-0.07373934787246689
QC100154,Delhi-NCR,Road,808.1,7.59,2.5,3.18,6397.84,1,3.7,0.5748580464313952,-0.1291142151290446
QC100155,Mumbai,Air,49.3,1.92,1.0,0.3,1036.31,0,4.1,0.029468842090131533,-1.1877485957393472
QC100156,Bangalore,Air,948.2,1.79,2.9,0.59,18761.62,0,4.5,0.6755552361101129,2.312114796422144
QC100157,Hyderabad,Road,70.4,1.31,0.8,0.3,543.58,0,4.8,0.04463451448285777,-1.2850381601655678
QC100158,Mumbai,Rail,635.2,2.17,2.2,2.82,18781.1425,1,3.6,0.45058578308057223,2.3159695150743698
QC100159,Delhi-NCR,Rail,1301.8,3.0,3.6,4.14,7027.85,1,3.6,0.9297060303313448,-0.004718707479493662
QC100160,Delhi-NCR,Road,238.0,3.42,1.6,1.5,1883.59,0,4.7,0.16509739092934664,-1.020453115157592
QC100161,Mumbai,Road,550.7,3.04,2.1,1.76,4236.8,0,3.9,0.3898512182850572,-0.5558116768375659
QC100162,Hyderabad,Road,1024.0,1.57,2.8,2.82,7967.41,1,3.3,0.7300366563645512,0.18079746395780413
QC100163,Mumbai,Road,1236.1,4.28,3.8,3.06,9649.07,0,3.9,0.8824840077625242,0.5128413194425484
QC100164,Delhi-NCR,Road,942.0,3.0,2.8,3.56,7428.37,1,3.2,0.6710989721842882,0.07436398759486718
QC100165,Pune,Rail,367.4,3.72,1.5,1.08,2043.46,0,3.8,0.25810393157478617,-0.9888867752456324
QC100166,Bangalore,Road,947.1,0.65,3.2,2.27,7232.85,0,4.6,0.674764608639402,0.03575855330709375
QC100167,Delhi-NCR,Road,421.0,9.9,1.8,2.04,3352.1,1,2.3,0.29662905196578737,-0.7304957383882679
QC100168,Mumbai,Rail,1008.1,4.7,3.1,2.64,5620.48,0,4.7,0.7186084956515489,-0.2826039880317842
QC100169,Bangalore,Air,1336.0,9.72,3.8,2.06,18781.1425,0,4.4,0.9542873571479912,2.3159695150743698
QC100170,Mumbai,Road,1012.2,5.78,3.0,3.05,7906.1,1,4.3,0.7215553798605622,0.16869180123182534
QC100171,Mumbai,Road,1209.1,6.52,3.4,3.21,9351.98,0,4.3,0.8630776971178035,0.45418088331041545
QC100172,Pune,Road,10.9,3.4,0.8,0.43,40.0,0,4.3,0.0018687558398619993,-1.384470057662688
QC100173,Bangalore,Air,1006.9,2.57,3.2,0.65,18781.1425,0,4.7,0.717745992956228,2.3159695150743698
QC100174,Bangalore,Road,1162.8,3.76,3.4,3.14,8966.56,0,4.3,0.8297994681233379,0.3780796840305788
QC100175,Pune,Road,64.5,1.96,1.1,1.84,497.34,1,3.4,0.04039387623086323,-1.2941682505986007
QC100176,Delhi-NCR,Rail,1221.3,3.9,3.5,4.28,6626.96,1,3.8,0.8718464745202329,-0.08387445907332314
QC100177,Mumbai,Road,365.3,0.62,1.5,0.61,2826.41,0,4.3,0.2565945518579746,-0.8342932565487612
QC100178,Hyderabad,Rail,934.1,3.08,2.6,3.45,5160.4,1,3.9,0.6654208294400921,-0.3734468082400434
QC100179,Mumbai,Rail,1122.1,3.0,3.3,3.77,6138.41,1,2.5,0.8005462517070365,-0.1803386822796026
QC100180,Mumbai,Road,930.4,3.18,3.1,2.15,7096.46,0,5.0,0.6627614461295191,0.00882834063059292
QC100181,Delhi-NCR,Rail,136.5,3.0,1.0,0.9,848.91,0,3.5,0.09214403795011859,-1.2247507355998666
QC100182,Mumbai,Road,838.1,2.56,2.7,2.03,6394.91,0,5.0,0.5964206138144182,-0.12969274378321394
QC100183,Pune,Rail,773.0,5.48,2.3,2.49,4308.41,1,2.4,0.5496298425932582,-0.5416722785696269
QC100184,Pune,Road,1261.2,1.77,3.5,3.3,9679.79,0,5.0,0.9005246891396537,0.5189069850589583
QC100185,Bangalore,Air,570.7,5.35,2.1,0.46,11508.99,0,4.5,0.4042262632070726,0.8800826213068883
QC100186,Hyderabad,Road,454.9,3.45,1.5,1.18,3586.17,0,3.9,0.3209947531086034,-0.6842786045720897
QC100187,Mumbai,Rail,1051.8,2.63,3.1,3.33,5835.89,1,4.2,0.7500179688061526,-0.24007127219744845
QC100188,Mumbai,Air,582.4,0.64,1.9,0.78,11458.81,0,3.9,0.41263566448645156,0.870174577666542
QC100189,Delhi-NCR,Road,907.4,2.58,2.9,2.67,6792.88,0,4.3,0.6462301444692015,-0.05111354634302759
QC100190,Pune,Rail,907.9,3.41,2.8,3.08,4978.62,1,4.6,0.6465895205922519,-0.40933927880485244
QC100191,Hyderabad,Road,1244.2,4.94,3.7,2.89,9614.44,0,4.6,0.8883059009559405,0.5060036241204046
QC100192,Bangalore,Road,841.4,7.66,2.6,2.32,6567.22,0,3.4,0.5987924962265507,-0.0956701252166925
QC100193,Pune,Road,707.0,10.19,2.1,1.99,5597.72,0,4.3,0.5021921943506074,-0.28709795122935833
QC100194,Bangalore,Road,201.3,6.35,1.0,1.04,1586.8,1,3.1,0.13871918349744844,-1.0790543162739397
QC100195,Delhi-NCR,Road,169.1,2.14,0.9,1.23,1365.93,1,3.4,0.11557536117300365,-1.1226651093955669
QC100196,Delhi-NCR,Rail,222.8,2.5,1.4,1.86,1292.29,1,3.3,0.15417235678861496,-1.1372053312703196
QC100197,Mumbai,Road,247.2,4.68,1.7,1.13,1903.34,0,4.7,0.1717099115934737,-1.0165534766183963
QC100198,Hyderabad,Air,895.9,4.1,2.8,1.71,17791.4,0,3.6,0.6379644936390426,2.120544806371594
QC100199,Bangalore,Road,1039.4,7.98,3.3,2.48,8077.54,0,4.1,0.7411054409545031,0.20254263825256938
QC100200,Pune,Rail,745.7,13.3,2.6,2.52,4225.93,0,4.6,0.5300079062747072,-0.557957958909518
QC100201,Delhi-NCR,Rail,1162.0,11.71,3.3,4.02,6415.91,1,2.9,0.8292244663264573,-0.12554629267824646
QC100202,Mumbai,Road,1387.8,7.36,4.0,3.79,10749.9,0,4.9,0.991518723496011,0.7302002608654705
QC100203,Mumbai,Rail,1149.5,3.0,3.2,3.75,6297.11,1,2.9,0.8202400632501977,-0.14900335892920544
QC100204,Bangalore,Road,975.3,6.75,2.9,2.54,7545.93,0,4.5,0.6950334219794437,0.09757621578058051
QC100205,Delhi-NCR,Air,749.2,8.14,2.4,0.69,14915.23,0,4.3,0.5325235391360599,1.55264488853472
QC100206,Hyderabad,Road,632.8,2.75,2.2,2.33,4915.05,1,2.8,0.44886077768993027,-0.4218911786497468
QC100207,Delhi-NCR,Rail,125.5,2.18,1.2,0.79,670.9,0,4.4,0.08423776324301013,-1.2598988194663077
QC100208,Bangalore,Road,563.9,1.9,1.9,1.3,4329.48,0,3.7,0.3993387479335873,-0.5375120059609761
QC100209,Bangalore,Road,1274.9,1.78,3.7,2.62,9758.86,0,4.2,0.9103715949112342,0.5345193607194239
QC100210,Delhi-NCR,Air,1132.8,1.31,3.4,1.59,18781.1425,0,4.4,0.8082369007403148,2.3159695150743698
QC100211,Bangalore,Road,308.7,3.49,1.5,1.64,2381.09,1,2.6,0.21591317472867103,-0.922221713980386
QC100212,Delhi-NCR,Road,657.5,1.65,2.5,1.86,5163.11,0,4.7,0.46661395816861934,-0.37291171859745
QC100213,Pune,Road,1144.9,1.88,3.5,3.79,8837.46,1,3.4,0.8169338029181342,0.3525888822376595
QC100214,Delhi-NCR,Road,101.8,4.58,1.2,1.27,970.46,1,3.6,0.06720333501042192,-1.2007506817042095
QC100215,Delhi-NCR,Road,547.3,3.35,2.0,1.39,4287.02,0,4.4,0.38740746064831455,-0.545895735195115
QC100216,Bangalore,Road,1193.8,3.89,3.5,2.76,9189.33,0,3.8,0.8520807877524618,0.42206563225217925
QC100217,Bangalore,Road,570.2,6.81,2.1,1.26,4429.57,0,4.4,0.40386688708402224,-0.5177492301944906
QC100218,Mumbai,Road,116.0,5.05,1.1,1.08,956.98,0,4.7,0.07740961690505284,-1.2034123084134936
QC100219,Mumbai,Air,763.2,7.47,2.4,0.64,15335.06,0,3.8,0.5425860705814707,1.6355403441251248
QC100220,Pune,Road,1207.5,3.15,3.1,2.61,9291.2,0,3.8,0.8619276935240423,0.4421798691123241
QC100221,Mumbai,Road,829.7,7.9,2.7,2.18,6529.06,0,4.3,0.5903830949471718,-0.10320481922457626
QC100222,Delhi-NCR,Road,323.0,3.73,1.7,1.91,2550.51,1,3.1,0.226191331847912,-0.8887697260659292
QC100223,Bangalore,Road,542.9,3.32,1.8,1.55,4227.92,0,4.4,0.38424495076547116,-0.5575650333048093
QC100224,Mumbai,Air,634.6,7.22,2.3,1.07,12712.33,0,4.3,0.45015453173291176,1.1176821676236302
QC100225,Mumbai,Road,814.3,1.78,2.5,2.45,6291.16,0,4.5,0.5793143103572199,-0.15017818674227953
QC100226,Pune,Road,1065.0,3.0,3.1,2.34,8280.56,0,5.0,0.7595054984546827,0.24262894793497405
QC100227,Pune,Air,145.6,2.54,1.3,0.3,2912.11,0,5.0,0.09868468338963558,-0.8173717870394414
QC100228,Delhi-NCR,Air,1246.4,1.45,3.4,1.75,18781.1425,0,4.4,0.8898871558973623,2.3159695150743698
QC100229,Bangalore,Road,25.1,4.45,0.7,0.37,281.92,0,3.8,0.012075037734492922,-1.3367029409334625
QC100230,Pune,Air,523.1,2.4,2.2,1.52,10372.91,0,4.0,0.37001365629267596,0.6557635655291993
QC100231,Mumbai,Rail,46.2,10.13,0.9,0.3,456.82,0,4.8,0.027240710127219153,-1.302168926730662
QC100232,Bangalore,Road,555.0,2.32,2.2,1.28,4241.24,0,4.2,0.3929418529432905,-0.5549349986039442
QC100233,Bangalore,Air,739.9,3.63,2.2,1.08,14641.98,0,3.9,0.5258391432473227,1.4986916616569883
QC100234,Mumbai,Air,720.3,1.28,2.1,0.74,14302.68,0,5.0,0.5117515992237476,1.4316968588038708
QC100235,Pune,Road,238.6,4.89,1.2,0.3,1841.4,0,5.0,0.16552864227700712,-1.0287835328775246
QC100236,Mumbai,Road,906.9,1.88,2.7,3.25,6988.43,1,3.2,0.6458707683461511,-0.012502188553675509
QC100237,Bangalore,Road,70.3,4.55,0.7,0.3,502.41,0,3.9,0.04456263925824768,-1.2931671788318302
QC100238,Hyderabad,Rail,1068.6,2.32,3.2,3.85,5768.7,1,3.7,0.7620930065406454,-0.2533379412328184
QC100239,Hyderabad,Rail,1325.7,0.88,3.8,3.82,7154.97,1,3.1,0.9468842090131533,0.020381143209242863
QC100240,Delhi-NCR,Air,481.0,3.25,1.7,0.52,9485.9,0,4.8,0.33975418673183355,0.480623394356951
QC100241,Mumbai,Road,728.0,3.16,2.3,1.45,5603.72,0,4.2,0.5172859915187236,-0.2859132509136533
QC100242,Mumbai,Air,535.4,5.1,1.9,0.51,10763.82,0,5.0,0.3788543089197154,0.7329487655979061
QC100243,Delhi-NCR,Road,17.3,7.64,0.7,0.45,193.65,0,4.1,0.006468770214906922,-1.3541318570780094
QC100244,Delhi-NCR,Road,545.1,9.46,1.6,1.92,4319.57,1,4.5,0.3858262057068929,-0.5394687359824155
QC100245,Delhi-NCR,Road,1110.1,5.05,3.2,3.18,8685.32,0,4.5,0.7919212247538273,0.3225488312324332
QC100246,Bangalore,Air,837.6,3.55,2.6,0.48,16584.67,0,5.0,0.5960612376913679,1.8822759043764783
QC100247,Mumbai,Road,149.0,1.28,1.1,0.68,1246.72,0,4.1,0.1011284410263782,-1.146203130168099
QC100248,Bangalore,Air,1187.2,3.39,3.2,1.97,18781.1425,0,3.7,0.8473370229281968,2.3159695150743698
QC100249,Delhi-NCR,Road,747.3,3.42,2.6,2.99,5784.52,1,2.1,0.5311579098684683,-0.2502142814004094
QC100250,Mumbai,Road,1179.7,2.67,3.7,3.22,9150.25,0,5.0,0.841946381082441,0.41434928419588735
QC100251,Bangalore,Road,815.7,4.39,2.5,2.43,6290.02,0,4.4,0.580320563501761,-0.15040327980226337
QC100252,Bangalore,Road,787.1,5.89,2.7,2.93,6165.2,1,2.7,0.5597642492632791,-0.17504899536997978
QC100253,Delhi-NCR,Rail,154.5,1.84,1.2,1.44,920.5,1,4.0,0.10508157837993243,-1.2106152863329798
QC100254,Mumbai,Road,241.0,1.82,1.3,1.34,1837.36,1,3.9,0.16725364766764897,-1.0295812310900991
QC100255,Delhi-NCR,Rail,1361.1,2.76,3.7,3.99,7353.93,1,4.0,0.9723280385251204,0.059665805678020586
QC100256,Mumbai,Road,326.1,3.0,1.5,0.81,2518.39,0,3.7,0.22841946381082442,-0.8951118217560035
QC100257,Hyderabad,Air,1368.6,1.12,4.0,1.79,18781.1425,0,5.0,0.9777186803708762,2.3159695150743698
QC100258,Pune,Road,748.4,1.65,2.3,1.92,5690.22,0,4.6,0.5319485373391792,-0.26883382136223966
QC100259,Pune,Air,197.0,1.43,1.2,0.3,3887.84,0,5.0,0.13562854883921513,-0.6247138471989685
QC100260,Pune,Air,146.2,6.2,1.3,0.3,2798.35,0,4.7,0.09911593473729605,-0.8398337050252082
QC100261,Delhi-NCR,Road,298.7,8.35,1.6,0.81,2415.3,0,4.5,0.20872565226766332,-0.9154669476803413
QC100262,Hyderabad,Road,1296.5,1.56,3.5,3.3,9999.97,0,5.0,0.9258966434270107,0.5821265429060289
QC100263,Mumbai,Rail,584.5,4.17,2.0,2.25,3131.36,1,3.7,0.4141450442032632,-0.7740808630030547
QC100264,Bangalore,Rail,558.4,5.07,2.1,2.66,3078.83,1,3.8,0.3953856105800331,-0.7844529142670519
QC100265,Mumbai,Road,444.0,1.23,1.9,1.82,3565.28,0,4.2,0.31316035362610506,-0.6884033361712691
QC100266,Bangalore,Air,212.7,3.31,1.4,0.72,4269.69,0,4.3,0.14691295910299718,-0.5493175446069765
QC100267,Mumbai,Rail,687.1,13.74,2.4,1.71,4039.07,0,3.5,0.4878890246532021,-0.5948534757416241
QC100268,Hyderabad,Rail,189.0,4.51,1.3,1.3,1041.07,1,3.0,0.12987853087040896,-1.186808733488888
QC100269,Bangalore,Rail,1171.0,2.59,3.4,3.35,6396.95,0,4.8,0.8356932365413643,-0.12928994567587426
QC100270,Delhi-NCR,Air,523.6,2.15,2.2,1.03,10335.05,0,4.7,0.37037303241572633,0.6482881065371007
QC100271,Mumbai,Road,529.7,0.89,1.9,1.54,4092.29,0,3.9,0.37475742111694105,-0.5843451839413208
QC100272,Mumbai,Road,667.8,3.98,2.3,2.64,5230.84,1,3.9,0.4740171063034572,-0.35953842653366663
QC100273,Bangalore,Road,626.2,9.67,2.0,1.81,5000.79,0,5.0,0.4441170128656653,-0.4049618111383224
QC100274,Delhi-NCR,Air,1392.8,1.84,3.7,1.98,18781.1425,0,3.9,0.9951124847265148,2.3159695150743698
QC100275,Delhi-NCR,Air,767.2,0.94,2.5,0.41,15223.98,0,4.3,0.5454610795658738,1.613607592280373
QC100276,Hyderabad,Road,130.8,3.0,1.0,0.89,1054.05,0,4.1,0.08804715014734422,-1.1842458318059126
QC100277,Delhi-NCR,Rail,852.8,5.1,2.7,3.64,4736.88,1,3.3,0.6069862718320995,-0.4570708545246067
QC100278,Delhi-NCR,Air,219.0,2.32,1.5,0.79,4370.53,0,4.5,0.15144109825343205,-0.5294066813010277
QC100279,Delhi-NCR,Road,51.1,1.84,1.1,0.3,479.9,0,4.1,0.030762596133112916,-1.29761177951625
QC100280,Pune,Road,1359.3,3.04,4.1,3.41,10539.44,0,4.3,0.971034284482139,0.6886449227915917
QC100281,Hyderabad,Road,1084.8,3.45,3.4,3.82,8341.75,1,3.3,0.7737367929274779,0.25471091665463896
QC100282,Mumbai,Road,1372.3,1.31,4.2,3.38,10524.46,0,4.6,0.9803780636814491,0.6856871210033813
QC100283,Bangalore,Road,673.2,2.64,2.3,2.01,5143.21,0,5.0,0.4778983684324014,-0.37684097464453814
QC100284,Mumbai,Road,748.9,2.23,2.3,2.79,5789.64,1,3.3,0.5323079134622296,-0.2492033371310078
QC100285,Hyderabad,Road,242.3,2.05,1.2,1.13,1911.29,0,4.1,0.16818802558757998,-1.0149837487000875
QC100286,Bangalore,Road,351.7,1.63,1.8,1.56,2723.32,0,4.7,0.2468195213110041,-0.8546483824730993
QC100287,Hyderabad,Road,1175.3,5.28,3.4,3.5,9094.09,1,3.5,0.8387838711995975,0.40326048924088864
QC100288,Delhi-NCR,Road,503.8,2.04,1.9,2.12,4006.1,1,3.2,0.3561417379429311,-0.6013634039764231
QC100289,Bangalore,Air,1158.9,0.91,3.2,1.51,18781.1425,0,4.6,0.826996334363545,2.3159695150743698
QC100290,Delhi-NCR,Road,994.9,3.52,2.9,2.83,7644.55,0,4.2,0.7091209660030188,0.11704873996971829
QC100291,Mumbai,Rail,254.6,4.64,1.4,1.12,1437.74,0,4.1,0.1770286782146194,-1.1084862211171043
QC100292,Mumbai,Rail,714.4,1.86,2.2,2.09,3978.65,0,3.5,0.5075109609717531,-0.6067834079207735
QC100293,Bangalore,Road,950.9,2.15,2.9,1.78,7341.6,0,4.2,0.677495867174585,0.05723124652924683
QC100294,Bangalore,Road,335.2,2.04,1.8,1.71,2630.98,0,3.5,0.2349601092503414,-0.8728809203317992
QC100295,Hyderabad,Road,1164.3,2.44,3.0,3.31,9026.41,1,3.0,0.830877596492489,0.3898970696797362
QC100296,Hyderabad,Road,766.4,5.84,2.2,2.87,5957.28,1,3.6,0.5448860777689931,-0.2161028103102103
QC100297,Delhi-NCR,Road,238.0,2.81,1.4,1.86,1910.42,1,2.5,0.16509739092934664,-1.0151555302458646
QC100298,Bangalore,Road,819.5,4.97,2.8,2.2,6326.79,0,4.3,0.583051822036944,-0.143143041367518
QC100299,Mumbai,Road,1399.6,1.68,3.8,2.98,10673.98,0,4.4,1.0,0.7152098528707499
QC100300,Hyderabad,Road,217.5,2.39,1.0,1.05,1814.55,1,3.2,0.15036296988428088,-1.0340850667903043
QC100301,Hyderabad,Road,1144.9,5.32,3.5,3.0,8876.39,0,4.2,0.8169338029181342,0.3602756127860588
QC100302,Mumbai,Air,296.6,1.85,1.3,0.3,5944.66,0,4.6,0.20721627255085173,-0.21859462997424312
QC100303,Hyderabad,Road,1097.1,5.51,3.1,2.96,8427.18,0,4.6,0.7825774455545174,0.271579074649752
QC100304,Delhi-NCR,Road,1030.5,2.06,3.1,3.11,7951.03,1,3.3,0.7347085459642062,0.17756323209592947
QC100305,Bangalore,Road,426.3,2.48,1.6,1.14,3412.53,0,4.2,0.3004384388701215,-0.7185638317085923
QC100306,Mumbai,Rail,461.5,8.18,1.7,1.5,2622.69,0,4.8,0.32573851793286857,-0.8745177812679981
QC100307,Bangalore,Road,1111.2,2.31,3.1,2.24,8466.91,0,3.7,0.7927118522245383,0.2794237652402452
QC100308,Hyderabad,Road,650.3,3.28,2.5,2.21,5044.87,0,4.7,0.4614389419966938,-0.3962582128189431
QC100309,Hyderabad,Air,1025.3,4.35,3.2,2.18,18781.1425,0,4.6,0.7309710342844822,2.3159695150743698
QC100310,Mumbai,Road,214.0,3.44,1.4,1.53,1605.55,1,3.4,0.14784733702292818,-1.0753521277873617
QC100311,Delhi-NCR,Rail,1194.8,3.5,3.1,4.41,6470.83,1,3.3,0.8527995399985625,-0.11470233578849336
QC100312,Pune,Air,997.6,2.9,3.1,1.61,18781.1425,0,3.5,0.711061597067491,2.3159695150743698
QC100313,Mumbai,Air,1270.5,1.38,3.7,1.49,18781.1425,0,5.0,0.9072090850283908,2.3159695150743698
QC100314,Pune,Air,192.3,3.7,1.0,0.3,3953.73,0,4.8,0.1322504132825415,-0.6117038632320015
QC100315,Pune,Rail,833.5,1.94,2.7,2.71,4649.2,1,2.8,0.5931143534823546,-0.47438327513810913
QC100316,Delhi-NCR,Rail,842.0,4.78,2.8,2.77,4669.93,0,4.8,0.5992237475742113,-0.4702901355473483
QC100317,Pune,Air,500.0,6.84,2.0,0.88,10046.17,0,4.5,0.35341047940774817,0.5912487353369577
QC100318,Pune,Air,646.2,1.02,2.1,1.46,12804.6,0,4.1,0.45849205778768065,1.135900883978647
QC100319,Delhi-NCR,Road,60.9,6.85,0.9,1.6,535.41,1,3.9,0.03780636814490045,-1.2866513270954527
QC100320,Pune,Road,1046.2,2.35,3.2,2.93,8141.9,0,4.2,0.7459929562279883,0.2152505236390316
QC100321,Pune,Road,772.7,2.78,2.5,1.63,5957.42,0,5.0,0.5494142169194279,-0.2160751673028438
QC100322,Pune,Road,88.4,1.74,1.2,0.82,679.82,0,5.0,0.05757205491267161,-1.2581375649969597
QC100323,Mumbai,Road,955.6,3.36,2.9,2.61,7431.71,0,4.9,0.6808740027312586,0.07502347077060965
QC100324,Mumbai,Road,657.8,3.13,2.3,2.22,18781.1425,0,4.7,0.46682958384244955,2.3159695150743698
QC100325,Mumbai,Road,56.0,5.73,1.0,0.68,590.18,0,5.0,0.034284482139006686,-1.2758369877135922
QC100326,Delhi-NCR,Air,1357.7,1.93,3.6,1.9,18781.1425,0,4.5,0.9698842808883779,2.3159695150743698
QC100327,Hyderabad,Rail,1329.2,8.14,3.7,4.08,7385.26,1,2.9,0.949399841874506,0.06585191582652683
QC100328,Pune,Road,722.0,4.48,2.3,2.06,5662.73,0,4.4,0.5129734780421189,-0.27426172330869486
QC100329,Pune,Road,138.4,3.17,1.3,1.11,1195.31,0,4.9,0.09350966721771005,-1.156354037373165
QC100330,Delhi-NCR,Rail,1058.4,2.7,3.2,2.96,5721.39,0,4.8,0.7547617336304178,-0.26267930322215216
QC100331,Pune,Road,692.8,2.5,2.3,2.0,5339.94,0,4.7,0.49198591245597645,-0.3379966257930975
QC100332,Mumbai,Air,429.0,2.6,1.5,0.98,8657.87,0,3.4,0.30237906993459357,0.31712882728808306
QC100333,Hyderabad,Road,692.1,3.32,2.1,2.88,5339.54,1,3.2,0.491482785883706,-0.3380756058141445
QC100334,Bangalore,Road,735.2,2.65,2.5,1.85,5720.64,0,4.2,0.5224610076906491,-0.26282739076161526
QC100335,Pune,Rail,791.3,2.05,2.4,3.22,4447.35,1,2.7,0.5627830086969022,-0.5142385682589513
QC100336,Mumbai,Road,622.2,3.34,2.3,2.55,4709.01,1,3.8,0.4412420038812622,-0.46257378749105643
QC100337,Bangalore,Air,851.2,1.82,2.4,0.92,16869.75,0,3.4,0.6058362682383384,1.9385649653766754
QC100338,Hyderabad,Air,1286.9,3.65,3.8,1.49,18781.1425,0,4.8,0.9189966218644434,2.3159695150743698
QC100339,Bangalore,Road,512.3,2.63,2.0,1.49,3858.5,0,5.0,0.3622511320347876,-0.630507031742766
QC100340,Mumbai,Air,1018.2,4.56,3.0,1.26,18781.1425,0,4.3,0.7258678933371667,2.3159695150743698
QC100341,Bangalore,Rail,1253.1,5.44,3.8,4.0,6806.38,1,3.3,0.8947027959462374,-0.048447970632691344
QC100342,Delhi-NCR,Road,642.7,5.44,2.3,1.9,5066.04,0,4.9,0.45597642492632795,-0.39207819520503057
QC100343,Bangalore,Rail,625.3,3.64,2.1,2.71,3338.18,1,2.9,0.44347013584417455,-0.7332442431207035
QC100344,Pune,Road,846.1,3.9,2.7,2.14,6656.22,0,4.7,0.6021706317832244,-0.07809707053373505
QC100345,Pune,Road,831.2,2.48,2.3,1.92,6444.71,0,3.9,0.5914612233163229,-0.11985973116286243
QC100346,Delhi-NCR,Road,1130.8,4.51,3.4,3.59,8668.57,1,2.7,0.8067993962481133,0.31924154285109013
QC100347,Mumbai,Road,671.3,4.83,2.2,2.47,5283.97,1,3.4,0.4765327391648099,-0.34904790523809887
QC100348,Pune,Rail,1394.6,1.17,3.5,4.37,7587.72,1,3.3,0.9964062387694962,0.10582765347946581
QC100349,Hyderabad,Rail,90.8,3.77,0.8,1.16,555.85,1,5.0,0.05929706030331345,-1.282615448019951
QC100350,Pune,Air,12.4,6.83,1.0,1.08,325.17,1,4.0,0.002946884209013153,-1.3281632261577558
QC100351,Pune,Air,899.2,2.43,3.0,1.73,17880.76,0,4.2,0.6403363760511752,2.138188943073493
QC100352,Mumbai,Road,423.4,2.13,1.7,1.47,3284.73,0,4.7,0.2983540573564292,-0.7437979484331088
QC100353,Bangalore,Road,342.6,2.34,1.4,1.05,2621.66,0,5.0,0.2402788758714871,-0.8747211548221943
QC100354,Pune,Air,442.2,1.22,1.6,1.19,8696.92,0,4.5,0.3118665995831237,0.3248392518427963
QC100355,Delhi-NCR,Road,364.4,3.24,1.8,1.87,2794.94,1,3.9,0.25594767483648384,-0.8405070097046338
QC100356,Bangalore,Road,50.9,3.06,1.0,0.81,414.27,0,4.0,0.03061884568389276,-1.3105704264695366
QC100357,Hyderabad,Air,1360.4,3.0,3.7,1.67,18781.1425,0,5.0,0.97182491195285,2.3159695150743698
QC100358,Mumbai,Road,315.3,3.86,1.4,1.2,2533.17,0,4.0,0.2206569395529361,-0.8921935099783167
QC100359,Hyderabad,Road,1029.8,1.86,3.1,2.94,7884.45,0,4.1,0.7342054193919356,0.16441700759265637
QC100360,Bangalore,Road,1069.5,3.54,3.2,2.55,8220.72,0,3.7,0.7627398835621362,0.23081353678634287
QC100361,Bangalore,Road,1301.5,3.92,3.5,2.89,10086.52,0,4.5,0.9294904046575146,0.5992158449600737
QC100362,Bangalore,Air,50.5,2.24,0.7,0.42,1056.26,0,4.7,0.030331344785452456,-1.183809467189628
QC100363,Hyderabad,Road,1221.9,3.87,3.3,3.18,9432.4,0,4.8,0.8722777258678934,0.4700598165419148
QC100364,Bangalore,Air,741.9,3.15,2.3,1.04,14704.12,0,3.7,0.5272766477395242,1.51096120792664
QC100365,Hyderabad,Road,888.5,2.06,2.6,1.84,6826.7,0,4.6,0.632645727017897,-0.04443578556350381
QC100366,Bangalore,Road,905.1,3.56,3.0,2.1,6988.35,0,4.6,0.6445770143031697,-0.012517984557884894
QC100367,Delhi-NCR,Road,1149.2,2.52,3.2,3.86,8831.27,1,3.6,0.8200244375763676,0.35136666641195746
QC100368,Bangalore,Road,472.1,4.56,1.6,1.12,3737.69,0,4.0,0.3333572917415367,-0.6543609725994861
QC100369,Hyderabad,Air,1028.4,2.6,2.9,1.67,18781.1425,0,3.1,0.7331991662473947,2.3159695150743698
QC100370,Pune,Rail,743.8,1.39,2.4,2.3,3986.4,0,4.8,0.5286422770071156,-0.6052531700129878
QC100371,Bangalore,Road,1112.4,3.53,3.0,3.07,8543.39,1,3.2,0.7935743549198593,0.29452474526443145
QC100372,Pune,Road,1386.8,3.45,3.8,3.53,10629.88,0,4.5,0.9907999712499101,0.7065023055503181
QC100373,Delhi-NCR,Road,287.3,3.0,1.2,1.22,2309.42,1,3.3,0.20053187666211458,-0.9363729592514822
QC100374,Mumbai,Road,1392.6,4.71,4.0,3.51,10873.38,0,4.5,0.9949687342772946,0.7545813933626793
QC100375,Delhi-NCR,Air,133.0,4.57,1.1,0.3,2687.84,0,4.8,0.0896284050887659,-0.8616539103399681
QC100376,Bangalore,Road,11.2,1.78,1.1,0.96,107.69,0,3.5,0.0020843815136922295,-1.3711046636010096
QC100377,Pune,Road,69.5,2.02,0.9,1.28,618.57,1,3.9,0.04398763746136707,-1.2702313807197814
QC100378,Pune,Road,483.8,2.76,1.4,1.52,3708.32,1,3.2,0.3417666930209157,-0.6601600806448621
QC100379,Hyderabad,Road,889.0,1.91,3.0,2.89,6887.12,0,5.0,0.6330051031409474,-0.03250585338435447
QC100380,Pune,Road,104.1,4.41,1.1,1.14,874.49,1,3.1,0.06885646517645368,-1.219699963253911
QC100381,Hyderabad,Road,15.9,3.29,0.9,0.63,76.23,0,4.1,0.005462517070365845,-1.3773164422563562
QC100382,Mumbai,Road,1312.4,1.56,3.5,2.88,9989.91,0,4.3,0.9373248041400131,0.580140195376697
QC100383,Bangalore,Road,1152.1,3.0,3.3,3.47,8826.23,1,3.5,0.8221088190900596,0.3503715181467651
QC100384,Hyderabad,Air,1134.4,6.13,3.3,1.39,18781.1425,0,4.3,0.8093869043340761,2.3159695150743698
QC100385,Mumbai,Road,1239.1,7.55,3.5,2.92,9561.46,0,4.7,0.8846402645008266,0.49554272033272917
QC100386,Pune,Rail,982.4,4.15,2.7,3.9,5347.61,1,3.1,0.7001365629267592,-0.3364821838895213
QC100387,Pune,Road,153.3,2.65,1.5,1.18,1233.11,0,4.4,0.10421907568461151,-1.1488904253842234
QC100388,Mumbai,Air,563.5,2.31,2.2,0.94,11098.75,0,5.0,0.39905124703514705,0.7990807117210853
QC100389,Pune,Air,1014.6,4.18,3.1,0.97,18781.1425,0,4.6,0.723280385251204,2.3159695150743698
QC100390,Mumbai,Air,398.2,3.14,1.9,0.99,7848.26,0,4.6,0.28024150075468984,0.15727129018842914
QC100391,Hyderabad,Air,964.9,1.14,3.0,2.52,18781.1425,0,3.7,0.6875583986199957,2.3159695150743698
QC100392,Hyderabad,Road,42.1,5.58,0.8,1.08,373.98,1,4.0,0.024293825918205992,-1.3185256890894956
QC100393,Mumbai,Road,434.1,6.74,1.9,1.68,3385.66,0,4.9,0.3060447063897075,-0.7238693146224245
QC100394,Hyderabad,Road,772.4,4.68,2.6,2.7,6009.47,1,2.9,0.5491985912455977,-0.2057978920641029
QC100395,Hyderabad,Road,887.9,1.56,2.6,2.54,6868.15,0,4.9,0.6322144756702365,-0.036251480882508486
QC100396,Hyderabad,Road,811.2,2.05,2.7,2.36,6265.16,0,4.6,0.5770861783943075,-0.1553118881103345
QC100397,Delhi-NCR,Road,979.3,0.99,2.9,2.88,7521.92,0,4.4,0.6979084309638468,0.0928354400172343
QC100398,Bangalore,Road,16.5,7.83,0.9,0.35,280.47,0,5.0,0.005893768418026306,-1.336989243509758
QC100399,Pune,Road,148.5,2.43,1.2,0.79,1202.7,0,4.1,0.10076906490332782,-1.1548948814843214
QC100400,Delhi-NCR,Air,1217.6,12.18,3.7,1.57,18781.1425,0,4.0,0.86918709120966,2.3159695150743698
QC100401,Hyderabad,Air,957.0,9.71,2.8,1.26,18781.1425,0,4.5,0.6818802558757997,2.3159695150743698
QC100402,Mumbai,Rail,165.2,1.75,1.2,0.97,962.85,0,4.7,0.11277222741321065,-1.2022532766046286
QC100403,Hyderabad,Road,1180.2,1.96,3.7,3.44,9015.92,0,4.9,0.8423057572054914,0.38782581862777865
QC100404,Bangalore,Road,345.2,3.97,1.5,1.26,2777.72,0,4.3,0.2421476317113491,-0.8439070996107073
QC100405,Hyderabad,Road,673.7,3.0,2.3,2.25,5219.65,0,4.0,0.47825774455545184,-0.36174789262245655
QC100406,Mumbai,Road,210.1,2.31,1.6,1.62,1779.7,1,4.6,0.1450442032631352,-1.0409662011240242
QC100407,Bangalore,Air,996.5,2.18,3.1,1.24,18781.1425,0,3.9,0.71027096959678,2.3159695150743698
QC100408,Hyderabad,Road,936.3,9.12,2.6,3.67,7381.4,1,3.3,0.6670020843815138,0.06508975862342317
QC100409,Bangalore,Air,301.9,3.31,1.3,0.69,5943.57,0,4.8,0.21102565945518578,-0.21880985053159624
QC100410,Pune,Road,1209.9,2.53,3.5,3.08,9357.78,0,5.0,0.8636526989146842,0.45532609361559717
QC100411,Pune,Road,566.6,2.06,2.1,2.39,4442.16,1,3.0,0.40127937899805943,-0.5152633340320363
QC100412,Hyderabad,Air,415.2,5.14,1.7,0.73,8403.76,0,3.5,0.2924602889384029,0.2669547944174501
QC100413,Bangalore,Road,220.0,2.23,1.6,0.3,1730.37,0,4.1,0.15215985049953282,-1.0507064122196454
QC100414,Mumbai,Road,378.5,2.91,1.5,1.36,2927.39,0,4.8,0.2660820815065047,-0.8143547502354461
QC100415,Hyderabad,Road,38.7,2.05,0.9,0.62,267.58,0,4.7,0.02185006828146338,-1.3395343746879975
QC100416,Pune,Road,819.9,1.21,2.3,3.05,6234.13,1,3.6,0.5833393229353843,-0.16143876324305548
QC100417,Pune,Road,1180.4,1.65,3.5,2.84,9058.22,0,4.8,0.8424495076547115,0.39617795585349874
QC100418,Hyderabad,Road,772.2,2.22,2.4,2.28,5842.2,0,5.0,0.5490548407963776,-0.23882536236543214
QC100419,Bangalore,Road,313.2,2.57,1.6,1.68,2396.15,1,2.9,0.21914755983612447,-0.9192481161879665
QC100420,Pune,Road,54.9,2.63,1.1,0.88,472.7,0,3.8,0.03349385466829584,-1.2990334198950961
QC100421,Bangalore,Road,306.8,2.85,1.8,1.09,2402.35,0,4.6,0.21454754546107957,-0.918023925861738
QC100422,Pune,Air,587.2,2.24,2.2,0.6,11608.72,0,3.9,0.41608567526773527,0.8997743150544314
QC100423,Pune,Road,1065.4,6.75,3.1,3.08,8197.78,0,3.8,0.759792999353123,0.22628403257929766
QC100424,Delhi-NCR,Air,269.5,5.31,1.5,0.61,5366.61,0,5.0,0.18773808668152087,-0.33273063288978877
QC100425,Pune,Road,1009.9,2.77,2.9,2.51,7762.34,0,4.5,0.7199022496945303,0.14030638166753356
QC100426,Mumbai,Road,1214.8,3.5,3.5,2.83,9484.01,0,4.4,0.8671745849205779,0.48025021375750404
QC100427,Hyderabad,Rail,639.9,2.4,2.2,2.14,3562.28,0,4.4,0.4539639186372458,-0.6889956863291217
QC100428,Hyderabad,Road,1151.4,0.55,3.3,2.88,8830.96,0,4.3,0.8216056925177893,0.35130545689564574
QC100429,Bangalore,Road,780.1,3.04,2.4,2.47,6055.72,1,3.9,0.5547329835405737,-0.19666582713054354
QC100430,Pune,Road,894.8,3.61,2.8,2.89,6971.15,1,2.5,0.6371738661683318,-0.01591412546290603
QC100431,Mumbai,Road,740.6,1.14,2.5,2.5,5726.65,0,3.6,0.5263422698195932,-0.26164071594538424
QC100432,Bangalore,Road,652.7,4.05,2.0,1.84,5047.56,0,5.0,0.4631639473873357,-0.3957270721774019
QC100433,Delhi-NCR,Road,334.6,2.54,1.4,1.37,2554.67,0,4.5,0.23452885790268096,-0.8879483338470404
QC100434,Bangalore,Rail,430.0,3.68,1.8,1.55,2380.72,0,5.0,0.3030978221806943,-0.9222947704998546
QC100435,Bangalore,Road,411.6,2.59,1.3,1.77,3255.61,1,3.7,0.28987278085244017,-0.7495476939653303
QC100436,Pune,Road,792.1,6.36,2.8,1.61,6157.82,0,4.7,0.5633580104937829,-0.17650617675829694
QC100437,Delhi-NCR,Road,175.0,3.44,1.1,0.88,1334.39,0,4.4,0.1198159994249982,-1.1288926840551228
QC100438,Bangalore,Air,1284.2,5.48,3.5,1.13,18781.1425,0,3.7,0.9170559907999714,2.3159695150743698
QC100439,Mumbai,Road,1011.2,5.76,3.0,3.23,7832.1,1,3.6,0.7208366276144614,0.15408049733813037
QC100440,Mumbai,Road,566.8,1.53,2.1,1.57,4302.02,0,5.0,0.40142312944727954,-0.5429339844058525
QC100441,Hyderabad,Road,228.8,1.93,1.2,0.5,1758.87,0,4.3,0.1584848702652196,-1.0450790857200467
QC100442,Delhi-NCR,Rail,1235.7,3.94,3.6,4.35,6831.07,1,3.0,0.882196506864084,-0.04357292883356536
QC100443,Delhi-NCR,Road,1154.7,2.41,3.4,3.29,8873.6,0,4.3,0.8239775749299217,0.3597247271392562
QC100444,Hyderabad,Road,1012.6,2.6,2.9,2.74,7748.16,0,4.7,0.7218428807590025,0.13750653992141737
QC100445,Bangalore,Road,386.0,6.5,1.6,1.05,3088.43,0,4.5,0.27147272335226047,-0.7825573937619239
QC100446,Delhi-NCR,Road,568.2,2.49,1.8,1.75,4506.81,0,4.9,0.4024293825918207,-0.5024981881303148
QC100447,Mumbai,Road,151.0,1.68,0.9,1.17,1178.15,1,5.0,0.10256594551857974,-1.159742280276081
QC100448,Mumbai,Road,271.1,1.82,1.4,1.23,1965.34,0,4.3,0.1888880902752821,-1.0043115733561114
QC100449,Pune,Air,1098.0,11.13,3.1,1.36,18781.1425,0,4.5,0.7832243225760082,2.3159695150743698
QC100450,Delhi-NCR,Air,1003.3,3.0,3.3,1.03,18781.1425,0,4.1,0.7151584848702652,2.3159695150743698
QC100451,Bangalore,Road,834.1,1.33,2.6,2.14,6410.21,0,5.0,0.5935456048300152,-0.12667175797816616
QC100452,Hyderabad,Rail,1254.9,1.04,3.3,4.23,6782.03,1,3.7,0.8959965499892188,-0.05325587941392753
QC100453,Hyderabad,Road,819.9,2.07,2.4,2.64,6261.06,1,2.8,0.5833393229353843,-0.15612143332606615
QC100454,Bangalore,Road,658.0,2.67,2.4,1.92,5172.66,0,4.0,0.4669733342916697,-0.3710260705949528
QC100455,Pune,Road,481.8,5.31,1.8,1.29,3671.05,0,4.7,0.3403291885287142,-0.6675190441059162
QC100456,Hyderabad,Rail,1317.1,3.0,3.8,3.34,7183.98,0,4.5,0.9407029396966865,0.02610916923567639
QC100457,Delhi-NCR,Road,123.1,2.99,1.0,1.68,975.59,1,3.5,0.0825127578523683,-1.1997377629342816
QC100458,Pune,Road,1303.8,2.29,3.6,2.94,10066.5,0,4.3,0.9311435348235464,0.5952628949066714
QC100459,Delhi-NCR,Road,1158.8,3.68,3.5,2.66,9005.2,0,4.6,0.8269244591389349,0.3857091540637192
QC100460,Mumbai,Air,188.9,1.05,1.1,0.52,3745.52,0,4.3,0.12980665564579888,-0.6528149386874911
QC100461,Pune,Road,794.5,9.86,2.6,1.66,6266.98,0,4.7,0.5650830158844247,-0.1549525290145707
QC100462,Hyderabad,Road,1214.2,4.45,3.4,3.1,9385.41,0,4.8,0.8667433335729176,0.46078163856941856
QC100463,Pune,Road,804.0,5.05,2.7,2.59,6304.7,0,5.0,0.571911162222382,-0.14750471302983859
QC100464,Pune,Road,1270.8,1.58,3.8,4.1,9812.02,1,3.0,0.907424710702221,0.5450158055165701
QC100465,Pune,Road,1320.6,3.0,3.6,3.66,10187.11,1,3.3,0.9432185725580392,0.6190773457528681
QC100466,Pune,Air,596.0,2.28,2.0,0.74,11868.11,0,3.8,0.42241069503342205,0.9509908842028849
QC100467,Delhi-NCR,Road,533.2,1.7,2.1,1.92,4132.58,0,5.0,0.37727305397829375,-0.5763899213213618
QC100468,Mumbai,Road,1311.4,2.93,3.5,2.59,10078.0,0,3.4,0.9366060518939123,0.5975335705117726
QC100469,Bangalore,Air,947.8,2.89,3.1,0.98,18781.1425,0,5.0,0.6752677352116726,2.3159695150743698
QC100470,Pune,Road,169.5,1.57,1.4,0.8,1326.15,0,4.4,0.11586286207144397,-1.1305196724886912
QC100471,Hyderabad,Road,66.9,1.76,0.8,0.85,552.94,1,5.0,0.042118881621505073,-1.283190027673068
QC100472,Pune,Rail,794.0,1.68,2.3,3.53,4236.48,1,3.2,0.5647236397613743,-0.5558748608544036
QC100473,Hyderabad,Road,1302.8,1.69,3.5,2.85,9941.76,0,4.4,0.9304247825774455,0.5706329753431645
QC100474,Delhi-NCR,Road,1183.2,2.38,3.2,3.34,9143.39,1,3.6,0.8444620139437937,0.4129947768349312
QC100475,Hyderabad,Road,948.8,1.31,3.0,2.08,7209.26,0,3.6,0.6759864874577733,0.031100706565846906
QC100476,Bangalore,Road,201.6,1.98,1.5,0.75,1606.09,0,4.1,0.13893480917127865,-1.0752455047589482
QC100477,Mumbai,Road,361.9,5.62,1.7,0.99,2864.81,0,4.0,0.25415079422123193,-0.8267111745282493
QC100478,Hyderabad,Road,1226.7,4.92,3.4,2.86,9534.65,0,4.6,0.8757277366491771,0.4902490844220541
QC100479,Hyderabad,Road,262.5,1.6,1.4,1.6,2075.85,1,3.3,0.1827068209588155,-0.9824913680413515
QC100480,Mumbai,Road,395.6,5.34,1.5,1.5,3095.26,1,3.6,0.2783727449148279,-0.7812088099025464
QC100481,Bangalore,Rail,188.4,0.92,1.4,1.4,1020.53,0,4.5,0.1294472795227485,-1.1908643575696514
QC100482,Pune,Air,949.1,12.9,2.9,1.07,18781.1425,0,4.9,0.6762021131316036,2.3159695150743698
QC100483,Hyderabad,Road,1322.0,6.55,3.8,3.64,10223.38,0,4.0,0.9442248257025804,0.6262388591613045
QC100484,Mumbai,Road,382.4,2.15,1.5,2.01,2887.85,1,5.0,0.2688852152662977,-0.8221619253159419
QC100485,Delhi-NCR,Air,669.8,3.78,2.2,1.09,13316.96,0,5.0,0.47545461079565876,1.2370663929377488
QC100486,Mumbai,Road,891.0,1.3,2.9,2.76,6801.27,0,4.9,0.6344426076331489,-0.0494569404015667
QC100487,Delhi-NCR,Road,1399.3,3.12,4.1,3.78,10708.21,0,3.7,0.9997843743261698,0.7219685681718468
QC100488,Bangalore,Rail,153.9,2.69,1.0,1.29,950.74,1,2.8,0.10465032703227198,-1.2046443967418266
QC100489,Pune,Road,702.0,1.82,2.4,1.93,5326.49,0,4.4,0.49859843312010355,-0.34065232900080283
QC100490,Mumbai,Air,544.1,2.27,1.9,0.3,10756.26,0,4.3,0.3851074534607921,0.7314560432001179
QC100491,Hyderabad,Rail,1213.2,2.14,3.8,4.02,6547.91,1,3.3,0.8660245813268167,-0.0994828857327365
QC100492,Bangalore,Road,670.5,1.52,2.2,1.69,18781.1425,0,4.8,0.47595773736792935,2.3159695150743698
QC100493,Mumbai,Road,162.5,1.8,1.3,0.3,1222.92,0,4.5,0.11083159634873858,-1.1509024414203954
QC100494,Hyderabad,Road,891.1,1.26,2.8,2.76,6818.05,0,4.6,0.634514482857759,-0.04614372851864511
QC100495,Mumbai,Air,1080.9,5.02,3.5,1.0,18781.1425,0,4.7,0.770933659167685,2.3159695150743698
QC100496,Delhi-NCR,Rail,12.0,1.72,0.9,2.05,135.95,1,3.8,0.002659383310572845,-1.365524725114039
QC100497,Mumbai,Air,1203.7,1.44,3.3,0.89,18781.1425,0,2.9,0.8591964349888594,2.3159695150743698
QC100498,Mumbai,Road,266.9,4.98,1.5,0.65,2016.93,0,4.2,0.18586933084165885,-0.9941251251415747
QC100499,Mumbai,Air,776.5,3.75,2.6,1.4,15465.01,0,4.0,0.5521454754546109,1.661198978462769
QC100500,Bangalore,Rail,586.8,4.87,2.1,1.96,3282.89,0,4.6,0.4157981743692949,-0.7441612565299249
QC100501,Mumbai,Road,1009.8,5.21,2.8,3.03,7779.01,1,3.1,0.7198303744699203,0.14359787404466728
QC100502,Hyderabad,Rail,524.7,9.61,1.9,2.31,3106.42,1,3.3,0.37116365988643724,-0.779005267315335
QC100503,Delhi-NCR,Air,1218.7,2.74,3.6,1.48,18781.1425,0,4.8,0.869977718680371,2.3159695150743698
QC100504,Delhi-NCR,Air,1024.9,1.25,2.8,0.94,18781.1425,0,4.1,0.730683533386042,2.3159695150743698
QC100505,Mumbai,Road,909.6,3.53,2.7,2.91,6986.22,1,3.5,0.6478113994106233,-0.01293855316996019
QC100506,Bangalore,Road,1116.4,2.01,3.4,2.25,8675.73,0,5.0,0.7964493639042624,0.3206552852278314
QC100507,Bangalore,Road,1057.6,1.69,3.1,2.87,8119.92,0,4.8,0.754186731833537,0.21091057148249903
QC100508,Hyderabad,Road,58.0,3.19,1.3,1.13,506.22,0,3.6,0.03572198663120823,-1.2924148941313574
QC100509,Mumbai,Road,557.5,3.0,1.8,1.69,4360.12,0,4.3,0.39473873355854244,-0.5314621363487759
QC100510,Delhi-NCR,Rail,1303.7,1.82,3.5,4.33,7210.93,1,3.5,0.9310716595989363,0.03143044815371815
QC100511,Bangalore,Rail,183.0,6.45,0.9,0.67,1091.31,0,4.7,0.12556601739380435,-1.1768888428453848
QC100512,Mumbai,Air,1034.0,1.66,3.4,1.49,18781.1425,0,4.3,0.7372241788255589,2.3159695150743698
QC100513,Bangalore,Road,1364.6,2.6,3.6,2.04,10436.13,0,4.1,0.9748436713864731,0.6682463578556775
QC100514,Bangalore,Road,80.7,3.79,0.7,0.99,662.21,1,3.3,0.052037662617695685,-1.2616146604235536
QC100515,Delhi-NCR,Road,957.6,3.0,2.8,3.01,7306.6,1,2.8,0.6823115072234601,0.050320494687634346
QC100516,Pune,Air,659.7,1.03,2.0,0.89,13031.96,0,4.9,0.46819521311004103,1.1807931279417614
QC100517,Hyderabad,Air,814.2,5.24,2.5,1.3,16106.88,0,5.0,0.5792424351326099,1.7879362437363633
QC100518,Hyderabad,Rail,126.8,2.07,1.1,0.54,774.87,0,4.6,0.08517214116294114,-1.2393699374956662
QC100519,Delhi-NCR,Road,67.9,4.7,1.1,0.3,613.44,0,4.3,0.04283763386760584,-1.271244299489709
QC100520,Bangalore,Rail,936.3,1.41,2.8,3.01,5095.75,1,3.8,0.6670020843815138,-0.3862119541417647
QC100521,Mumbai,Rail,1154.0,1.56,3.3,4.03,6256.53,1,3.7,0.8234744483576512,-0.15701588206442355
QC100522,Bangalore,Road,1096.6,5.04,3.1,2.03,8484.02,0,4.3,0.782218069431467,0.2828021356405307
QC100523,Delhi-NCR,Rail,765.0,3.69,2.2,2.51,4294.57,1,3.3,0.5438798246244521,-0.544404987297853
QC100524,Hyderabad,Road,147.0,2.31,0.8,1.27,1120.0,1,3.0,0.09969093653417667,-1.1712240008357886
QC100525,Bangalore,Road,965.8,3.72,2.9,2.61,7472.03,0,4.5,0.6882052756414864,0.08298465689214718
QC100526,Hyderabad,Air,344.7,1.69,1.6,1.87,6871.86,1,3.4,0.2417882555882987,-0.03551894118729756
QC100527,Mumbai,Road,1276.2,3.21,3.5,3.67,9889.23,1,2.9,0.9113059728311652,0.5602609240791672
QC100528,Hyderabad,Air,1174.9,3.25,3.1,1.93,18781.1425,0,3.9,0.8384963703011573,2.3159695150743698
QC100529,Hyderabad,Road,995.5,2.4,3.0,2.62,7688.11,0,3.7,0.7095522173506793,0.12564966426173646
QC100530,Pune,Road,1328.8,1.82,3.9,3.73,10122.58,0,4.6,0.9491123409760656,0.6063358938574607
QC100531,Pune,Road,51.7,3.13,0.9,1.32,403.31,1,3.3,0.031193847480773383,-1.3127344790462243
QC100532,Pune,Road,1032.8,2.91,3.0,2.81,7883.29,0,4.4,0.736361676130238,0.1641879655316201
QC100533,Hyderabad,Road,467.7,2.27,1.8,1.66,3470.21,0,4.6,0.3301947818586933,-0.7071749126736149
QC100534,Delhi-NCR,Road,1269.2,1.62,3.4,3.77,9762.37,1,2.8,0.9062747071084598,0.5352124104041114
QC100535,Hyderabad,Road,379.2,3.03,1.5,1.24,2939.72,0,3.9,0.2665852080787752,-0.8119201910866723
QC100536,Delhi-NCR,Road,1017.0,2.28,3.1,3.21,7845.03,1,3.4,0.7250053906418458,0.1566335265184745
QC100537,Delhi-NCR,Road,1229.7,1.61,3.6,3.72,9438.31,1,2.4,0.8778839933874795,0.4712267463528842
QC100538,Pune,Road,66.0,3.08,0.9,1.34,574.77,1,3.2,0.04147200460001438,-1.2788796930244277
QC100539,Bangalore,Air,561.5,7.89,1.7,0.72,11340.01,0,5.0,0.3976137425429455,0.8467175114155833
QC100540,Mumbai,Air,1069.1,2.41,3.2,1.61,18781.1425,0,3.7,0.7624523826636959,2.3159695150743698
QC100541,Pune,Road,641.2,7.38,2.5,1.95,5078.16,0,4.2,0.45489829655717684,-0.3896851005673065
QC100542,Pune,Road,380.0,10.68,1.6,1.69,3081.11,1,2.2,0.26716020987565586,-0.7840027281470839
QC100543,Bangalore,Rail,314.0,3.0,1.5,1.27,1775.69,0,4.3,0.2197225616330051,-1.0417579758350202
QC100544,Mumbai,Air,191.1,3.02,1.1,0.7,3763.76,0,5.0,0.13138791058722057,-0.6492134497277479
QC100545,Hyderabad,Rail,1201.1,10.61,3.5,4.28,6566.67,1,3.5,0.8573276791489973,-0.09577872274563218
QC100546,Hyderabad,Air,808.9,2.79,2.5,0.77,16192.84,0,4.1,0.5754330482282758,1.8049090502593637
QC100547,Pune,Road,114.3,3.07,1.2,1.3,1039.83,1,4.4,0.07618773808668153,-1.1870535715541335
QC100548,Mumbai,Road,540.6,1.1,1.9,1.64,4038.66,0,3.5,0.3825918205994394,-0.5949344302631974
QC100549,Pune,Road,519.9,2.18,2.0,1.56,4014.31,0,4.6,0.3677136491051534,-0.5997423390444334
QC100550,Delhi-NCR,Road,261.0,4.19,1.4,1.0,2081.06,0,4.4,0.18162869258966435,-0.9814626532672146
QC100551,Pune,Road,614.2,12.9,2.4,2.07,4974.21,0,4.3,0.4354919859124561,-0.41021003353689556
QC100552,Pune,Road,470.3,2.67,1.9,1.63,3750.21,0,4.8,0.33206353769855534,-0.651888897940715
QC100553,Hyderabad,Road,483.8,1.11,2.1,1.89,3657.37,0,3.8,0.3417666930209157,-0.6702201608257238
QC100554,Hyderabad,Air,1036.7,3.0,3.1,1.6,18781.1425,0,4.6,0.739164809890031,2.3159695150743698
QC100555,Hyderabad,Air,318.8,2.94,1.5,0.9,6365.09,0,4.5,0.2231725724142888,-0.1355807043522677
QC100556,Delhi-NCR,Road,901.5,6.09,2.8,3.94,6948.28,1,2.9,0.641989506217207,-0.020429808166268226
QC100557,Hyderabad,Air,802.3,4.4,2.4,1.2,15801.89,0,5.0,0.5706892834040107,1.7277159521885521
QC100558,Mumbai,Road,798.8,3.96,2.6,1.95,6168.47,0,4.3,0.568173650542658,-0.17440333369792047
QC100559,Bangalore,Rail,930.9,6.59,2.7,2.0,5196.93,0,4.3,0.6631208222525696,-0.366233957817926
QC100560,Mumbai,Road,771.3,1.95,2.5,1.71,5934.32,0,3.9,0.5484079637748868,-0.2206362635183081
QC100561,Mumbai,Rail,1231.9,3.04,3.6,4.19,6744.42,1,3.2,0.8794652483289012,-0.06068197589287162
QC100562,Hyderabad,Air,948.4,2.2,3.1,1.63,18781.1425,0,5.0,0.675698986559333,2.3159695150743698
QC100563,Bangalore,Road,769.4,2.55,2.5,1.53,5870.19,0,4.3,0.5470423345072953,-0.23329873539266838
QC100564,Bangalore,Road,1163.0,1.64,3.5,3.84,8930.55,1,3.6,0.8299432185725582,0.37096950763582254
QC100565,Bangalore,Road,851.8,2.44,2.8,2.37,6468.68,0,4.9,0.6062675195859987,-0.11512685340162092
QC100566,Delhi-NCR,Road,413.3,2.95,1.6,1.84,3184.13,1,3.2,0.2910946596708115,-0.7636614237264292
QC100567,Hyderabad,Road,296.3,2.4,1.8,2.21,2312.92,1,3.1,0.2070006468770215,-0.935681884067321
QC100568,Bangalore,Road,220.0,3.0,1.2,1.68,1732.07,1,3.5,0.15215985049953282,-1.0503707471301957
QC100569,Delhi-NCR,Road,1260.0,3.83,3.6,4.0,9630.48,1,3.2,0.8996621864443327,0.5091707229643891
QC100570,Pune,Air,996.5,6.32,3.2,1.67,18781.1425,0,4.2,0.71027096959678,2.3159695150743698
QC100571,Pune,Rail,1312.8,6.6,3.9,4.46,7225.38,1,3.8,0.9376123050384533,0.03428360141404098
QC100572,Delhi-NCR,Road,847.8,4.74,2.7,2.6,6620.63,0,4.4,0.6033925106015956,-0.08512431790639188
QC100573,Delhi-NCR,Road,667.0,1.41,2.4,2.38,5115.51,0,5.0,0.47344210450657664,-0.3823103411020428
QC100574,Hyderabad,Road,91.1,2.42,1.0,1.07,725.05,1,3.3,0.05951268597714368,-1.24920689911707
QC100575,Hyderabad,Air,942.9,2.55,2.8,1.29,18771.2,0,5.0,0.6717458492057788,2.31400636792622
QC100576,Pune,Road,818.4,2.03,2.4,2.01,6250.98,0,2.7,0.582261194566233,-0.15811172985645072
QC100577,Bangalore,Rail,1386.4,3.69,3.9,3.77,7656.6,0,3.5,0.9905124703514699,0.1194280131037592
QC100578,Pune,Air,340.9,1.15,1.7,0.3,6689.8,0,3.6,0.23905699705311578,-0.07146669776683943
QC100579,Bangalore,Road,746.8,8.3,2.3,2.06,5925.33,0,4.5,0.530798533745418,-0.22241133949133937
QC100580,Bangalore,Road,914.1,6.15,2.8,1.65,7135.92,0,3.9,0.6510457845180767,0.01661971970687946
QC100581,Hyderabad,Rail,905.3,4.0,3.2,3.32,5105.23,1,2.3,0.6447207647523898,-0.38434012764295084
QC100582,Mumbai,Air,789.3,2.89,2.7,0.41,15612.89,0,4.3,0.5613455042047006,1.6903978922438447
QC100583,Mumbai,Road,1089.5,6.28,3.0,2.69,8307.67,0,3.9,0.7771149284841515,0.24798181886143458
QC100584,Delhi-NCR,Road,293.3,4.54,1.6,1.57,2400.43,0,4.6,0.2048443901387192,-0.9184030299627636
QC100585,Hyderabad,Air,1018.1,5.84,2.9,1.74,18781.1425,0,4.6,0.7257960181125567,2.3159695150743698
QC100586,Bangalore,Road,870.7,2.9,2.3,2.54,6750.0,1,3.6,0.6198519370373033,-0.05958020459926599
QC100587,Mumbai,Rail,1255.3,8.79,3.5,3.88,7007.77,1,2.0,0.8962840508876591,-0.008683504536053039
QC100588,Bangalore,Road,1187.3,6.05,3.6,2.46,9214.53,0,4.4,0.8474088981528067,0.42704137357814037
QC100589,Mumbai,Road,446.7,4.08,2.0,1.9,3504.63,0,4.3,0.3151009846905772,-0.7003786818625206
QC100590,Mumbai,Air,392.5,6.38,1.7,0.3,7910.4,0,3.8,0.2761446129519155,0.16954083645808044
QC100591,Mumbai,Road,1374.5,2.34,3.7,3.89,10607.29,1,5.0,0.9819593186228708,0.7020419088616892
QC100592,Hyderabad,Road,742.0,1.49,2.5,2.59,5738.34,1,3.2,0.5273485229641343,-0.25933252483028557
QC100593,Pune,Road,1269.7,3.64,3.5,3.93,9705.73,1,3.8,0.9066340832315102,0.5240288394238559
QC100594,Bangalore,Road,236.1,2.9,1.2,1.03,1967.86,0,3.1,0.16373176166175518,-1.0038139992235156
QC100595,Hyderabad,Air,902.8,2.67,2.9,0.97,17926.57,0,4.0,0.642923884137138,2.147234129983901
QC100596,Hyderabad,Road,1135.3,6.23,3.2,2.73,8828.29,0,4.5,0.8100337813555668,0.3507782652551574
QC100597,Hyderabad,Road,1326.8,3.32,3.9,3.21,10252.44,0,5.0,0.9476748364838641,0.6319767576903693
QC100598,Hyderabad,Air,477.6,3.52,1.8,0.3,9589.2,0,4.2,0.33731042909509096,0.501019984792339
QC100599,Hyderabad,Air,1017.2,2.47,3.3,1.8,18781.1425,0,5.0,0.725149141091066,2.3159695150743698
QC100600,Delhi-NCR,Road,758.0,5.1,2.2,2.91,5898.4,1,2.4,0.5388485589017467,-0.2277286694083287
QC100601,Bangalore,Road,92.4,4.58,0.9,0.95,793.35,1,2.3,0.06044706389707469,-1.2357210605232947
QC100602,Hyderabad,Rail,968.5,5.07,2.9,3.34,5345.68,1,3.8,0.6901459067059585,-0.33686326249107296
QC100603,Bangalore,Air,968.6,2.23,2.6,2.01,18781.1425,0,3.2,0.6902177819305686,2.3159695150743698
QC100604,Delhi-NCR,Road,1303.4,6.57,3.3,3.76,10022.51,1,3.5,0.9308560339251062,0.5865770670920276
QC100605,Delhi-NCR,Road,700.3,9.05,2.0,2.43,5558.84,1,3.2,0.4973765543017322,-0.2947748092751268
QC100606,Bangalore,Road,328.5,4.98,1.5,1.18,2549.49,0,3.9,0.23014446920146625,-0.8889711251195992
QC100607,Mumbai,Air,70.0,1.85,0.9,0.3,1530.37,0,4.2,0.044347013584417456,-1.0901964227431453
QC100608,Pune,Rail,586.6,1.86,2.1,2.47,3223.16,1,2.7,0.4156544239200748,-0.7559549481727682
QC100609,Mumbai,Air,428.3,2.4,1.7,0.45,8498.58,0,4.2,0.30187594336232304,0.2856770084066414
QC100610,Mumbai,Air,1067.4,2.14,3.2,1.06,18781.1425,0,4.4,0.7612305038453246,2.3159695150743698
QC100611,Mumbai,Air,501.1,2.88,1.8,1.05,9974.17,0,4.2,0.354201106878459,0.5770323315484976
QC100612,Hyderabad,Road,1329.1,4.39,3.8,3.49,10237.02,0,4.1,0.9493279666498958,0.6289320778790075
QC100613,Delhi-NCR,Road,1347.5,3.58,3.8,3.95,10264.26,1,3.4,0.96255300797815,0.6343106173123081
QC100614,Mumbai,Road,872.3,3.39,2.7,2.26,6672.66,0,5.0,0.6210019406310645,-0.07485099166870343
QC100615,Delhi-NCR,Road,1300.7,2.6,3.7,3.78,9988.73,1,3.2,0.928915402860634,0.5799072043146083
QC100616,Bangalore,Rail,1067.1,2.87,3.1,2.86,5712.7,0,4.8,0.7610148781714943,-0.26439514417939836
QC100617,Pune,Road,769.2,4.84,2.2,2.04,5936.27,0,3.9,0.5468985840580752,-0.22025123591570384
QC100618,Bangalore,Road,259.0,0.9,1.5,0.73,1967.56,0,3.7,0.1801911880974628,-1.0038732342393009
QC100619,Bangalore,Road,646.4,2.98,2.1,2.17,4951.83,1,5.0,0.45863580823690075,-0.4146289657144752
QC100620,Hyderabad,Road,788.7,3.57,2.7,2.52,6144.16,0,4.3,0.5609142528570402,-0.17920334447705197
QC100621,Pune,Road,1210.6,4.81,3.5,3.63,9294.86,1,3.9,0.8641558254869547,0.4429025363049041
QC100622,Bangalore,Road,678.0,1.64,2.3,2.3,5221.52,1,4.0,0.4813483792136851,-0.36137866102406163
QC100623,Bangalore,Air,1257.6,1.59,3.3,1.27,18781.1425,0,4.8,0.8979371810536908,2.3159695150743698
QC100624,Pune,Road,946.7,4.26,3.1,3.03,7311.81,0,4.8,0.6744771077409618,0.051349209461771524
QC100625,Pune,Air,198.7,0.96,1.2,0.49,4047.92,0,2.7,0.13685042765758643,-0.5931060427759592
QC100626,Bangalore,Road,1393.0,6.68,3.9,3.25,10787.47,0,4.6,0.995256235175735,0.7376184593423099
QC100627,Pune,Road,741.9,3.44,2.4,2.73,5759.84,1,3.7,0.5272766477395242,-0.25508734869900934
QC100628,Bangalore,Road,553.5,7.65,2.0,1.87,4326.05,0,3.8,0.3918637245741393,-0.538189259641454
QC100629,Bangalore,Road,925.5,1.56,2.8,2.24,7145.72,0,4.4,0.6592395601236254,0.018554730222530992
QC100630,Hyderabad,Air,159.6,2.31,1.2,0.67,3236.7,0,3.9,0.10874721483504635,-0.7532814744603273
QC100631,Mumbai,Road,894.1,3.0,2.7,1.94,6881.9,0,4.9,0.6366707395960614,-0.03353654265901787
QC100632,Bangalore,Road,701.5,1.86,2.3,2.04,5327.4,0,3.9,0.4982390569970532,-0.34047264945292094
QC100633,Delhi-NCR,Air,574.1,2.69,2.1,0.38,11380.49,0,4.0,0.4066700208438152,0.8547102895455396
QC100634,Mumbai,Road,1334.6,0.93,3.8,2.97,10312.44,0,4.2,0.95328110400345,0.6438237608474193
QC100635,Mumbai,Road,735.4,2.37,2.4,2.35,18781.1425,0,5.0,0.5226047581398692,2.3159695150743698
QC100636,Mumbai,Air,313.0,0.91,1.6,0.3,6307.98,0,4.9,0.21900380938690434,-0.14685707685725324
QC100637,Hyderabad,Road,646.9,2.57,2.1,2.84,4962.26,1,4.1,0.4589951843599512,-0.41256956166567466
QC100638,Bangalore,Road,1287.8,5.98,3.9,3.44,9968.2,0,3.5,0.919643498885934,0.5758535547343713
QC100639,Hyderabad,Rail,253.1,2.94,1.6,0.69,1408.43,0,3.8,0.17595054984546826,-1.1142734821593232
QC100640,Bangalore,Air,305.8,8.12,1.6,1.51,6150.31,0,5.0,0.2138287932149788,-0.17798902665345423
QC100641,Hyderabad,Road,26.1,4.82,0.6,1.76,236.6,1,2.4,0.01279378998059369,-1.3456513773180876
QC100642,Hyderabad,Air,27.8,6.75,1.0,0.3,629.69,0,4.1,0.014015668798964997,-1.2680357361346748
QC100643,Delhi-NCR,Road,1162.5,1.9,3.3,3.09,8936.21,0,5.0,0.8295838424495077,0.3720870749336376
QC100644,Hyderabad,Road,1027.1,1.87,2.9,3.67,7944.4,1,2.8,0.7322647883274636,0.17625413824707542
QC100645,Pune,Road,502.2,3.7,1.8,1.57,3913.42,0,3.5,0.35499173434916986,-0.619663074853013
QC100646,Delhi-NCR,Road,980.0,1.17,2.8,3.08,7516.06,1,3.3,0.6984115575361174,0.09167838270889582
QC100647,Hyderabad,Road,558.1,3.99,2.1,2.4,4413.91,1,2.4,0.3951699849062029,-0.5208412980184806
QC100648,Mumbai,Road,1334.4,2.47,4.0,3.3,10255.1,0,5.0,0.95313735355423,0.6325019748303319
QC100649,Pune,Air,1354.1,6.67,3.9,1.61,18781.1425,0,4.0,0.967296772802415,2.3159695150743698
QC100650,Pune,Air,554.8,4.52,2.4,0.36,18781.1425,0,3.9,0.3927981024940703,2.3159695150743698
QC100651,Pune,Road,1197.1,5.8,3.2,2.98,9338.44,0,4.4,0.8544526701645943,0.4515074095979747
QC100652,Delhi-NCR,Air,1084.1,1.91,3.1,1.46,18781.1425,0,4.2,0.7732336663552074,2.3159695150743698
QC100653,Hyderabad,Road,439.5,5.63,1.6,1.15,3428.8,0,4.5,0.3099259685186516,-0.7153513193525055
QC100654,Hyderabad,Road,331.0,7.15,1.7,0.93,2620.95,0,4.7,0.23194134981671818,-0.8748613443595527
QC100655,Mumbai,Air,645.9,2.94,2.2,0.93,12914.59,0,4.3,0.4582764321138504,1.1576184152660458
QC100656,Mumbai,Road,1095.6,1.93,3.2,2.13,8381.7,0,3.8,0.7814993171853662,0.2625990462567082
QC100657,Pune,Road,1344.6,1.95,3.8,3.2,10380.72,0,4.8,0.9604686264644577,0.6573056504401419
QC100658,Mumbai,Road,1070.9,6.32,2.9,3.59,8292.32,1,3.0,0.7637461367066773,0.2449509605537559
QC100659,Delhi-NCR,Road,1198.4,15.04,3.3,3.4,9365.98,1,2.9,0.8553870480845254,0.45694518404706047
QC100660,Hyderabad,Road,847.5,1.67,2.8,2.39,6493.49,0,4.5,0.6031768849277654,-0.11022811759618086
QC100661,Pune,Road,1170.9,1.59,3.3,3.03,8984.04,0,5.0,0.8356213613167542,0.38153111095033293
QC100662,Mumbai,Rail,1099.9,5.22,2.9,3.24,6026.51,1,3.5,0.7845899518435996,-0.20243334316750072
QC100663,Delhi-NCR,Road,532.8,1.91,1.8,2.17,4101.9,1,3.4,0.3769855530798534,-0.5824476889356667
QC100664,Delhi-NCR,Road,776.4,5.53,2.5,2.73,6019.68,1,3.9,0.5520736002300007,-0.20378192702687822
QC100665,Mumbai,Road,1128.2,3.97,3.3,2.78,8655.09,0,4.1,0.8049306404082514,0.3165799161418063
QC100666,Hyderabad,Road,72.1,2.96,0.9,0.71,605.49,0,5.0,0.045856393301229065,-1.2728140274080184
QC100667,Mumbai,Rail,1132.8,3.91,3.2,3.98,6219.96,1,3.6,0.8082369007403148,-0.16423663048864545
QC100668,Pune,Air,255.6,3.77,1.5,0.3,5040.98,0,4.4,0.1777474304607202,-0.3970262935236252
QC100669,Mumbai,Air,724.4,2.7,2.4,0.98,14469.66,0,5.0,0.5146984834327608,1.4646670685899408
QC100670,Delhi-NCR,Road,1133.1,1.05,3.3,3.44,8465.32,1,3.3,0.808452526414145,0.2791098196565833
QC100671,Mumbai,Road,361.3,3.34,1.5,1.02,2828.58,0,4.1,0.2537195428735715,-0.8338647899345812
QC100672,Hyderabad,Road,350.2,7.72,1.8,1.39,2845.96,0,4.5,0.24574139294185293,-0.8304331080200891
QC100673,Bangalore,Air,568.6,1.14,2.0,0.44,11242.6,0,4.1,0.40271688349026097,0.8274839017901127
QC100674,Mumbai,Road,1253.3,1.68,3.5,3.45,9490.43,0,4.6,0.8948465463954575,0.48151784309530843
QC100675,Hyderabad,Road,8.6,3.88,1.0,0.3,129.83,0,5.0,0.00021562567383022997,-1.3667331194360581
QC100676,Hyderabad,Rail,1262.7,3.07,3.6,4.58,6884.02,1,3.3,0.9016028175088048,-0.03311794854746861
QC100677,Delhi-NCR,Road,222.1,3.84,1.3,1.17,1699.26,0,4.4,0.15366923021634443,-1.0568490833565758
QC100678,Hyderabad,Road,1386.2,3.0,3.5,3.64,10590.08,1,3.7,0.9903687199022498,0.6986437934561418
QC100679,Hyderabad,Road,1337.1,6.03,3.8,3.31,10395.12,0,5.0,0.955077984618702,0.6601489311978342
QC100680,Hyderabad,Rail,696.6,3.09,2.3,3.04,3824.32,1,3.1,0.4947171709911594,-0.6372558745412321
QC100681,Hyderabad,Road,721.7,4.56,2.5,2.03,5512.56,0,5.0,0.5127578523682887,-0.3039127977102646
QC100682,Pune,Air,678.3,3.64,2.3,0.53,13522.85,0,4.8,0.4815640048875153,1.277719384271166
QC100683,Pune,Air,892.5,3.34,2.7,1.65,17675.79,0,4.6,0.6355207360023001,2.097717605788485
QC100684,Delhi-NCR,Road,134.3,4.38,1.2,0.62,1059.75,0,3.5,0.09056278300869691,-1.1831203665059928
QC100685,Mumbai,Air,53.4,3.36,0.9,0.3,1129.66,0,5.0,0.03241572629914468,-1.1693166333275036
QC100686,Hyderabad,Road,88.3,1.47,0.8,1.16,708.22,1,3.6,0.05750017968806153,-1.2525299835026225
QC100687,Mumbai,Road,626.6,5.77,2.4,1.95,4873.19,0,4.7,0.44440451376410556,-0.43015643785231544
QC100688,Mumbai,Air,391.6,4.91,1.4,1.36,7811.81,0,3.8,0.2754977359304248,0.1500742357705213
QC100689,Delhi-NCR,Rail,873.9,0.85,2.8,2.91,4719.31,1,3.4,0.6221519442248258,-0.46054005194909614
QC100690,Hyderabad,Road,1389.5,2.03,4.1,3.74,10619.38,0,4.8,0.9927406023143823,0.7044290799978343
QC100691,Hyderabad,Road,545.8,5.61,1.8,1.83,4341.69,1,2.9,0.3863293322791634,-0.5351011408185165
QC100692,Bangalore,Road,806.8,1.0,2.5,2.4,6095.87,0,4.1,0.5739236685114641,-0.188738207517951
QC100693,Mumbai,Road,586.5,5.29,2.0,2.32,4567.49,1,3.7,0.41558254869546474,-0.49051691893748506
QC100694,Mumbai,Road,1187.4,2.76,3.4,3.09,9045.73,0,4.1,0.8474807733774169,0.39371180469630623
QC100695,Pune,Road,1263.9,3.0,3.8,3.32,9845.78,0,4.3,0.9024653202041257,0.551681719292937
QC100696,Bangalore,Road,1229.3,3.0,3.3,2.39,9443.61,0,3.9,0.877596492489039,0.47227323163175716
QC100697,Pune,Road,1364.3,1.95,3.7,3.64,10408.59,0,5.0,0.9746280457126428,0.6628085834065918
QC100698,Pune,Road,46.3,3.61,1.1,0.45,460.28,0,4.7,0.027312585351829226,-1.3014857495486054
QC100699,Pune,Road,1177.0,2.95,3.3,3.44,8919.63,1,3.2,0.8400057500179688,0.36881335306123947
QC100700,Delhi-NCR,Road,1054.5,1.85,3.0,3.03,8117.08,1,3.1,0.7519585998706246,0.21034981333306532
QC100701,Delhi-NCR,Air,326.3,11.37,1.6,0.6,6734.48,0,3.8,0.22856321426004458,-0.06264462941588966
QC100702,Pune,Road,1339.2,1.68,3.8,2.96,10285.89,0,4.3,0.9565873643355136,0.6385814619504244
QC100703,Bangalore,Rail,214.3,0.78,1.2,0.42,1140.87,0,4.7,0.14806296269675842,-1.1671032182376615
QC100704,Mumbai,Rail,953.9,7.76,3.0,3.76,5216.21,1,2.9,0.6796521239128873,-0.3624271208034607
QC100705,Bangalore,Road,321.0,2.12,1.3,1.24,2558.76,0,4.5,0.22475382735571048,-0.8871407631318349
QC100706,Hyderabad,Air,608.5,2.51,1.9,1.13,12149.13,0,4.2,0.43139509810968163,1.0064782979894544
QC100707,Delhi-NCR,Road,1009.1,2.42,2.9,2.72,7724.45,0,5.0,0.7193272478976498,0.13282499917385643
QC100708,Mumbai,Road,792.1,2.13,2.6,2.58,6060.79,0,4.1,0.5633580104937829,-0.19566475536377287
QC100709,Mumbai,Road,603.1,1.9,2.2,2.11,4719.12,0,4.8,0.4275138359807375,-0.46057756745909356
QC100710,Hyderabad,Road,462.3,1.65,1.6,1.37,3598.19,0,5.0,0.32631351972974915,-0.6819052549396273
QC100711,Hyderabad,Road,1176.8,3.12,3.5,2.92,8951.48,0,4.2,0.8398619995687486,0.3751021372371069
QC100712,Pune,Road,208.2,2.36,1.3,0.77,1623.47,0,4.1,0.14367857399554373,-1.071813822844456
QC100713,Delhi-NCR,Air,606.7,4.66,2.0,1.0,12082.59,0,4.9,0.4301013440667003,0.9933399714882861
QC100714,Delhi-NCR,Air,1266.0,4.01,3.4,1.84,18781.1425,0,3.5,0.9039746999209373,2.3159695150743698
QC100715,Bangalore,Road,1185.4,1.72,3.4,2.92,9099.63,0,4.6,0.8460432688852154,0.4043543625323894
QC100716,Pune,Air,566.1,3.21,2.2,1.4,11235.8,0,5.0,0.40092000287500906,0.8261412414323135
QC100717,Pune,Road,1070.2,2.34,3.1,2.67,8239.85,0,5.0,0.7632430101344068,0.23459075629291581
QC100718,Pune,Road,1153.8,1.66,3.2,2.7,8829.58,0,4.3,0.8233306979084309,0.3510329758230338
QC100719,Pune,Air,1245.3,4.54,3.2,1.6,18781.1425,0,4.4,0.8890965284266513,2.3159695150743698
QC100720,Delhi-NCR,Road,766.0,2.79,2.7,1.83,5917.48,0,4.0,0.5445985768705528,-0.22396132240438682
QC100721,Delhi-NCR,Road,292.6,2.35,1.6,1.64,2279.81,1,2.5,0.20434126356644866,-0.9422194553094865
QC100722,Pune,Road,363.4,1.8,1.6,1.44,2922.98,0,5.0,0.2552289225903831,-0.8152255049674892
QC100723,Bangalore,Road,419.6,1.62,1.9,1.24,3157.24,0,4.3,0.2956227988212463,-0.7689708556413138
QC100724,Mumbai,Rail,834.6,9.91,2.7,2.57,4678.62,0,5.0,0.5939049809530655,-0.4685742945901023
QC100725,Mumbai,Road,53.7,3.67,0.8,1.05,419.89,1,2.9,0.03263135197297492,-1.3094607571738262
QC100726,Bangalore,Rail,893.4,1.56,2.8,3.08,4890.54,1,3.0,0.6361676130237908,-0.42673067943940174
QC100727,Pune,Road,515.2,3.57,1.8,1.64,3975.88,0,4.0,0.3643355135484799,-0.6073303445665239
QC100728,Delhi-NCR,Road,419.0,5.68,1.6,1.91,3342.4,1,3.2,0.29519154747358584,-0.7324110038986575
QC100729,Mumbai,Road,1232.3,3.32,3.6,3.5,9517.34,0,5.0,0.8797527492273414,0.4868312240112453
QC100730,Hyderabad,Road,648.3,6.85,2.3,2.26,5129.62,0,4.9,0.46000143750449224,-0.37952432085960996
QC100731,Hyderabad,Road,140.3,1.19,0.9,0.87,1126.19,0,3.6,0.09487529648530152,-1.1700017850100861
QC100732,Bangalore,Rail,1158.8,3.0,3.1,3.5,6260.46,1,3.9,0.8269244591389349,-0.1562399033576367
QC100733,Pune,Air,74.3,3.51,0.9,0.3,1450.46,0,4.7,0.04743764824265076,-1.1059746564478097
QC100734,Mumbai,Road,1019.6,3.55,2.9,2.74,7924.39,0,4.6,0.7268741464817078,0.1723031626941994
QC100735,Pune,Rail,1085.3,0.41,3.2,3.41,5952.54,1,3.0,0.7740961690505284,-0.2170387235596172
QC100736,Mumbai,Air,498.8,2.07,1.9,0.62,9857.23,0,4.1,0.3525479767124272,0.5539425223954071
QC100737,Bangalore,Air,1156.1,1.64,3.5,0.67,18781.1425,0,4.5,0.8249838280744627,2.3159695150743698
QC100738,Bangalore,Road,725.8,3.0,2.4,1.58,5505.55,0,4.1,0.5157047365773019,-0.3052969225791133
QC100739,Hyderabad,Road,652.9,1.64,2.1,1.94,5036.41,0,5.0,0.4633076978365558,-0.39792864026408714
QC100740,Pune,Road,71.2,4.3,0.7,1.12,646.65,1,3.0,0.045209516279738376,-1.264686983242282
QC100741,Hyderabad,Road,411.7,1.63,1.7,1.69,3153.27,0,3.4,0.2899446560770502,-0.7697547323502052
QC100742,Pune,Road,1304.0,1.67,3.4,3.84,10011.36,1,2.6,0.9312872852727665,0.5843754990053426
QC100743,Hyderabad,Air,553.4,1.14,1.9,1.41,11028.73,0,3.8,0.39179184934952926,0.7852552590368079
QC100744,Delhi-NCR,Road,769.0,6.43,2.4,2.64,5992.03,1,3.2,0.5467548336088551,-0.2092414209817522
QC100745,Delhi-NCR,Road,748.6,3.9,2.4,2.52,5756.48,1,3.4,0.5320922877883995,-0.2557507808758043
QC100746,Delhi-NCR,Rail,829.9,0.67,2.4,2.73,4420.09,1,3.3,0.5905268453963919,-0.5196210566933044
QC100747,Delhi-NCR,Rail,93.4,1.67,0.9,1.83,510.97,1,3.5,0.061165816143175455,-1.2914770063814243
QC100748,Mumbai,Road,512.1,4.13,2.1,1.08,3921.42,0,4.3,0.3621073815855675,-0.6180834744320729
QC100749,Delhi-NCR,Rail,1014.6,6.48,3.2,3.69,5572.84,1,3.2,0.723280385251204,-0.29201050853848176
QC100750,Bangalore,Road,287.2,4.98,1.7,1.45,2258.81,0,5.0,0.20046000143750448,-0.9463659064144541
QC100751,Bangalore,Road,291.4,2.43,1.4,1.46,2321.2,1,3.9,0.2034787608711277,-0.9340469976316481
QC100752,Mumbai,Road,22.0,0.94,0.9,0.3,189.63,0,4.6,0.009846905771580537,-1.3549256062895316
QC100753,Delhi-NCR,Road,617.0,5.06,2.3,1.98,4963.97,0,4.9,0.4375044922015382,-0.4122319220756987
QC100754,Delhi-NCR,Road,1236.8,2.51,3.3,3.32,9385.88,1,2.3,0.8829871343347948,0.46087444009414863
QC100755,Delhi-NCR,Road,80.2,3.13,1.1,0.3,688.67,0,4.0,0.0516782864946453,-1.2563901320312947
QC100756,Hyderabad,Road,274.0,2.7,1.6,1.31,2117.61,0,4.2,0.19097247178897434,-0.9742458538440447
QC100757,Pune,Road,439.6,1.33,1.6,1.28,3329.52,0,4.0,0.3099978437432617,-0.734954160576371
QC100758,Hyderabad,Road,1026.6,3.74,3.2,3.6,7919.02,1,2.5,0.7319054122044131,0.17124285591164345
QC100759,Pune,Air,899.8,3.44,3.1,1.48,17871.68,0,4.6,0.6407676273988356,2.136396096595727
QC100760,Delhi-NCR,Road,587.0,2.33,2.2,2.09,4597.16,0,5.0,0.4159419248185151,-0.4846585758763238
QC100761,Delhi-NCR,Road,1064.6,3.99,3.2,3.03,8221.49,0,4.4,0.7592179975562423,0.2309655733268584
QC100762,Hyderabad,Road,856.6,1.32,2.5,2.65,6535.18,1,3.6,0.6097175303672825,-0.1019964249025572
QC100763,Hyderabad,Road,1255.3,2.56,3.7,3.42,9669.18,0,4.4,0.8962840508876591,0.5168120400006865
QC100764,Pune,Road,1146.7,3.05,3.1,3.15,8813.38,1,3.1,0.8182275569611156,0.3478342849706301
QC100765,Bangalore,Air,359.9,1.06,1.6,1.36,7077.57,0,4.9,0.2527132897290304,0.005098509136648288
QC100766,Pune,Road,385.8,2.9,1.7,1.02,2988.66,0,3.7,0.2713289729030403,-0.8022569855115719
QC100767,Hyderabad,Road,182.5,4.67,0.7,0.98,1494.04,1,2.4,0.12520664127075395,-1.097369783154739
QC100768,Hyderabad,Air,477.1,2.5,1.9,1.11,9495.92,0,3.7,0.33695105297204053,0.4826018438841785
QC100769,Mumbai,Road,1399.4,2.94,4.2,3.34,10778.15,0,4.8,0.99985624955078,0.7357782248519148
QC100770,Hyderabad,Air,572.8,4.21,1.7,1.56,11385.63,0,4.4,0.40573564292388414,0.8557251828159934
QC100771,Mumbai,Road,314.9,2.38,1.5,1.5,2470.88,1,3.5,0.2203694386544958,-0.9044926737558607
QC100772,Bangalore,Road,1069.4,2.51,2.8,2.38,8233.3,0,5.0,0.7626680083375261,0.233297458448271
QC100773,Pune,Road,763.1,1.48,2.3,2.36,5872.05,1,2.7,0.5425141953568605,-0.2329314782947997
QC100774,Pune,Road,216.2,2.98,1.0,0.8,1709.51,0,5.0,0.14942859196434988,-1.0548252203172463
QC100775,Mumbai,Air,537.9,2.46,2.0,0.49,10825.27,0,4.2,0.38065118953496735,0.7450820713312516
QC100776,Pune,Air,584.9,4.05,2.2,0.85,11720.53,0,4.1,0.41443254510170346,0.9218512054375944
QC100777,Hyderabad,Air,1057.3,4.21,3.2,1.97,18781.1425,0,4.4,0.7539711061597067,2.3159695150743698
QC100778,Delhi-NCR,Air,36.8,4.83,0.7,0.66,767.57,0,4.5,0.020484439013871918,-1.2408113228797741
QC100779,Mumbai,Road,382.5,2.21,1.5,1.37,2948.37,0,4.3,0.26895709049090777,-0.8102122481315309
QC100780,Pune,Air,728.5,0.81,2.4,1.37,14535.83,0,4.7,0.5176453676417739,1.4777323385716408
QC100781,Mumbai,Road,382.2,4.69,1.5,1.48,2974.47,0,4.4,0.26874146481707756,-0.8050588017582142
QC100782,Mumbai,Road,882.8,3.89,2.5,1.95,6813.5,0,4.3,0.6285488392151226,-0.04704212625805477
QC100783,Delhi-NCR,Road,678.8,2.05,2.2,2.24,5216.44,1,3.1,0.4819233810105657,-0.3623817072913587
QC100784,Hyderabad,Road,511.5,4.19,1.8,1.78,4010.47,0,4.5,0.361676130237907,-0.6005005472464846
QC100785,Mumbai,Road,1329.3,1.26,3.8,3.66,10165.63,0,3.7,0.9494717170991159,0.614836118622644
QC100786,Pune,Rail,888.0,5.57,2.9,2.77,4906.07,0,5.0,0.6322863508948466,-0.42366428012225205
QC100787,Bangalore,Road,188.9,2.46,1.6,0.56,1464.51,0,4.2,0.12980665564579888,-1.1032004832085338
QC100788,Mumbai,Road,787.6,1.83,2.6,2.2,6136.95,0,4.7,0.5601236253863294,-0.18062695935642414
QC100789,Mumbai,Road,1094.8,2.07,3.3,2.61,8371.3,0,5.0,0.7809243153884856,0.26054556570948595
QC100790,Delhi-NCR,Air,994.2,2.61,2.9,1.33,18781.1425,0,4.3,0.7086178394307483,2.3159695150743698
QC100791,Hyderabad,Road,247.5,3.0,1.3,1.17,1911.91,0,3.5,0.17192553726730395,-1.0148613296674645
QC100792,Bangalore,Air,1361.6,3.09,4.0,1.4,18781.1425,0,4.0,0.9726874146481708,2.3159695150743698
QC100793,Pune,Road,632.7,2.32,2.1,2.38,4839.87,1,3.6,0.44878890246532027,-0.4367354736055305
QC100794,Bangalore,Road,229.4,3.39,1.3,1.57,1713.24,1,2.8,0.15891612161288005,-1.0540887316209833
QC100795,Pune,Road,258.8,3.02,1.5,1.52,2060.5,1,2.6,0.18004743764824266,-0.9855222263490302
QC100796,Hyderabad,Air,144.7,2.04,1.1,0.3,2831.94,0,4.7,0.09803780636814488,-0.8332013577577863
QC100797,Pune,Air,1126.5,1.86,3.5,1.21,18781.1425,0,4.6,0.80370876158988,2.3159695150743698
QC100798,Delhi-NCR,Road,177.9,4.33,1.3,1.02,1484.57,0,3.7,0.12190038093869043,-1.099239635153027
QC100799,Delhi-NCR,Road,182.2,4.11,1.3,0.36,1511.57,0,4.0,0.12499101559692373,-1.0939084837323543
QC100800,Delhi-NCR,Road,1191.9,3.11,3.3,3.18,9088.12,0,5.0,0.8507151584848703,0.40208171242676227
QC100801,Delhi-NCR,Road,487.7,5.23,1.9,1.76,3843.68,0,4.8,0.3445698267807087,-0.6334332415225574
QC100802,Bangalore,Road,51.0,0.93,0.8,0.47,475.32,0,3.8,0.030690720908502844,-1.2985161007572383
QC100803,Hyderabad,Air,80.2,2.14,1.0,0.39,1588.27,0,3.4,0.0516782864946453,-1.078764064696592
QC100804,Pune,Road,205.9,1.5,1.2,0.5,1632.95,0,4.5,0.14202544382951196,-1.0699419963456422
QC100805,Pune,Road,305.0,11.63,1.6,1.09,2473.99,0,4.3,0.2132537914180982,-0.9038786040922204
QC100806,Delhi-NCR,Road,933.9,4.61,2.8,2.97,7250.45,1,3.4,0.6652770789908719,0.03923367423316164
QC100807,Delhi-NCR,Road,227.0,2.86,1.6,1.21,1795.91,0,4.7,0.1571911162222382,-1.0377655357710944
QC100808,Mumbai,Rail,173.5,4.81,1.1,1.28,1063.15,1,2.8,0.11873787105584704,-1.1824490363270934
QC100809,Hyderabad,Road,1072.5,5.87,3.1,3.25,8346.23,1,3.1,0.7648961403004385,0.25559549289036526
QC100810,Bangalore,Air,942.1,5.83,2.9,0.99,18677.31,0,4.0,0.6711708474088982,2.295467782485963
QC100811,Pune,Air,614.0,5.22,2.3,0.98,12259.35,0,4.0,0.43534823546323587,1.0282412427889553
QC100812,Mumbai,Road,772.6,2.57,2.6,1.87,6043.82,0,4.7,0.5493423416948179,-0.1990154827566919
QC100813,Mumbai,Rail,442.3,2.22,1.8,1.65,2297.26,0,4.5,0.3119384748077338,-0.938773951891311
QC100814,Pune,Road,679.6,1.69,2.3,1.67,5287.38,0,3.6,0.48249838280744634,-0.3483746005586732
QC100815,Bangalore,Rail,713.3,4.06,2.4,2.73,4021.0,1,3.7,0.5067203335010422,-0.5984213981924223
QC100816,Mumbai,Road,547.0,2.73,1.8,1.61,4144.61,0,4.2,0.38719183497448434,-0.5740145971883732
QC100817,Mumbai,Road,1269.9,2.34,3.7,3.66,9716.61,0,4.8,0.9067778336807304,0.5261770959963346
QC100818,Hyderabad,Air,30.4,2.27,0.7,0.46,673.84,0,3.9,0.015884424638826996,-1.2593183163116122
QC100819,Bangalore,Rail,1096.8,7.17,3.0,2.84,5998.61,0,3.9,0.7823618198806872,-0.20794219963552907
QC100820,Mumbai,Air,181.1,5.32,1.2,0.56,3763.41,0,4.5,0.12420038812621288,-0.6492825572461641
QC100821,Bangalore,Road,1118.2,9.01,3.2,3.09,8779.94,0,3.9,0.7977431179472437,0.3412315552111012
QC100822,Pune,Road,865.3,4.13,2.8,2.47,6610.79,0,4.3,0.6159706749083591,-0.08706722642414812
QC100823,Delhi-NCR,Rail,1181.8,3.11,3.4,4.14,6393.12,1,2.7,0.8434557607992526,-0.13004617937739926
QC100824,Mumbai,Road,143.7,2.96,1.1,0.65,1198.78,0,4.2,0.09731905412204411,-1.1556688856905821
QC100825,Hyderabad,Air,786.1,1.63,2.3,1.18,15637.96,0,4.4,0.5590454970171782,1.6953479650629653
QC100826,Pune,Air,705.5,3.0,2.3,1.12,14127.39,0,4.4,0.5011140659814562,1.3970858390805492
QC100827,Bangalore,Road,991.0,4.07,3.0,2.28,7601.62,0,5.0,0.7063178322432259,0.10857220921084898
QC100828,Pune,Road,751.7,1.71,2.5,1.82,5868.84,0,4.6,0.5343204197513118,-0.23356529296370188
QC100829,Mumbai,Road,760.7,3.41,2.4,2.68,5825.9,1,3.4,0.5407891899662187,-0.2420437982230974
QC100830,Bangalore,Road,606.0,5.87,2.2,1.99,4771.58,0,4.4,0.4295982174944297,-0.45021933769877953
QC100831,Delhi-NCR,Rail,437.9,2.02,1.7,1.79,2454.56,1,3.0,0.3087759649248904,-0.9077150586145785
QC100832,Pune,Road,679.3,10.04,2.3,2.18,5197.73,0,4.9,0.48228275713361607,-0.36607599777583216
QC100833,Mumbai,Rail,172.9,1.66,1.3,0.51,1018.21,0,4.6,0.1183066197081866,-1.1913224416917239
QC100834,Hyderabad,Road,1346.4,5.44,3.7,2.94,10480.95,0,3.9,0.9617623805074392,0.6770960692139942
QC100835,Bangalore,Rail,1002.5,3.88,2.9,3.41,5549.09,1,3.6,0.7145834830733847,-0.29669994728814736
QC100836,Pune,Road,1333.8,6.15,3.8,3.62,10437.47,0,4.8,0.9527061022065694,0.668510940926185
QC100837,Pune,Road,323.6,1.54,1.3,1.3,2561.17,0,4.4,0.2266225831955725,-0.8866649085050268
QC100838,Delhi-NCR,Road,1232.0,11.99,3.7,3.72,9608.39,1,3.3,0.8795371235535112,0.5048090513020685
QC100839,Delhi-NCR,Air,1133.8,2.7,3.3,2.91,18781.1425,0,3.4,0.8089556529864156,2.3159695150743698
QC100840,Hyderabad,Air,950.6,4.51,2.9,1.7,18781.1425,0,4.0,0.6772802415007547,2.3159695150743698
QC100841,Hyderabad,Air,878.0,7.15,2.8,0.85,17518.05,0,4.8,0.6250988284338389,2.0665718344886
QC100842,Mumbai,Road,448.6,2.09,1.9,0.84,3519.32,0,4.0,0.31646661395816866,-0.6974781405895695
QC100843,Mumbai,Road,1144.4,4.93,3.3,3.39,8870.28,1,3.2,0.8165744267950839,0.35906919296456613
QC100844,Hyderabad,Road,706.1,1.89,2.5,2.6,5516.75,1,2.9,0.5015453173291167,-0.30308548198979735
QC100845,Hyderabad,Road,106.7,6.95,0.9,1.11,1090.68,1,3.4,0.07072522101631568,-1.1770132363785337
QC100846,Bangalore,Road,443.5,1.9,1.9,1.1,3358.73,0,4.6,0.3128009775030547,-0.7291866445394137
QC100847,Delhi-NCR,Rail,1309.9,3.07,3.5,4.62,7109.02,1,3.5,0.9355279235247611,0.011308313291468794
QC100848,Mumbai,Rail,1192.1,3.61,3.5,3.31,6521.3,0,3.8,0.8508589089340904,-0.10473703163288811
QC100849,Delhi-NCR,Rail,1374.8,4.81,3.8,4.92,7482.71,1,3.4,0.9821749442967009,0.08509342345410213
QC100850,Delhi-NCR,Air,882.2,9.79,2.5,1.72,17639.24,0,5.0,0.6281175878674622,2.0905008063653154
QC100851,Hyderabad,Road,352.5,2.29,1.6,1.23,2784.39,0,4.8,0.2473945231078847,-0.8425901077597486
QC100852,Bangalore,Road,234.6,5.95,1.3,1.46,1940.36,1,3.3,0.16265363329260404,-1.0092438756704967
QC100853,Pune,Road,268.2,9.8,1.2,1.24,2242.97,1,2.3,0.18680370876158986,-0.9494935152479153
QC100854,Bangalore,Air,35.6,3.32,0.6,0.49,773.5,0,4.3,0.019621936318550998,-1.2396404440677522
QC100855,Bangalore,Road,551.8,2.16,2.0,1.12,4246.72,0,5.0,0.390641845755768,-0.5538529723156003
QC100856,Delhi-NCR,Road,274.5,1.06,1.6,1.41,2203.28,0,5.0,0.19133184791202473,-0.9573303078363036
QC100857,Bangalore,Road,581.0,9.3,2.1,1.43,4711.85,0,4.6,0.4116294113419105,-0.4620130293416227
QC100858,Mumbai,Road,1309.5,2.59,3.6,3.5,10125.42,0,4.0,0.9352404226263208,0.6068966520068945
QC100859,Delhi-NCR,Rail,607.3,1.65,2.3,3.08,3240.16,1,3.3,0.4305325954143607,-0.7525982972782708
QC100860,Mumbai,Air,1230.2,1.33,3.6,1.62,18781.1425,0,4.8,0.8782433695105298,2.3159695150743698
QC100861,Pune,Road,850.9,1.65,2.8,2.11,6551.06,0,4.9,0.6056206425645081,-0.09886091806699128
QC100862,Delhi-NCR,Rail,352.0,5.22,1.7,2.02,1938.32,1,3.5,0.24703514698483434,-1.0096466737778365
QC100863,Pune,Air,503.3,5.67,2.0,0.98,10072.15,0,4.8,0.3557823618198807,0.5963784877039602
QC100864,Delhi-NCR,Road,124.8,4.44,1.2,1.78,1035.97,1,3.3,0.0837346366707396,-1.187815728757237
QC100865,Hyderabad,Road,472.2,3.25,1.8,1.82,3735.88,1,3.2,0.3334291669661468,-0.6547183571947238
QC100866,Bangalore,Road,951.1,1.42,2.6,2.2,7271.58,0,4.2,0.6776396176238051,0.043405793844969426
QC100867,Hyderabad,Road,108.4,1.94,1.0,1.19,933.98,1,3.5,0.07194709983468699,-1.207953659623696
QC100868,Pune,Rail,293.9,1.55,1.6,1.42,1557.52,0,4.9,0.20527564148637964,-1.08483565381458
QC100869,Bangalore,Road,539.0,4.24,1.9,1.65,4150.6,0,4.8,0.3814418170056782,-0.5728318713731944
QC100870,Delhi-NCR,Rail,1375.0,1.59,3.8,4.29,7430.86,1,2.7,0.9823186947459212,0.0748556382258847
QC100871,Bangalore,Road,1100.5,1.96,3.0,2.68,8456.98,0,3.8,0.78502120319126,0.27746308621775334
QC100872,Mumbai,Road,1029.0,2.69,3.0,2.74,7775.28,0,5.0,0.7336304175950551,0.14286138534840392
QC100873,Bangalore,Road,169.7,1.1,1.2,0.83,1345.56,0,4.5,0.11600661252066412,-1.1266871669673855
QC100874,Mumbai,Road,1095.1,3.09,3.3,2.63,8535.7,0,4.5,0.7811399410623158,0.29300635435980316
QC100875,Bangalore,Road,1101.1,2.82,3.1,2.85,8513.25,0,4.5,0.7854524545389204,0.28857360067854015
QC100876,Mumbai,Rail,844.7,6.11,2.6,2.38,4658.72,0,5.0,0.6011643786386833,-0.47250355063719046
QC100877,Pune,Road,1386.6,1.84,4.0,3.18,10575.53,0,4.2,0.99065622080069,0.6957708951905572
QC100878,Hyderabad,Road,460.8,1.38,1.9,1.98,3441.18,1,3.9,0.32523539136059804,-0.712906887701101
QC100879,Delhi-NCR,Road,1318.3,2.4,3.7,4.08,10029.61,1,3.4,0.9415654423920075,0.5879789624656119
QC100880,Bangalore,Road,1281.3,3.0,3.8,2.57,9821.99,0,3.6,0.9149716092862791,0.5469843825411664
QC100881,Hyderabad,Road,24.0,3.08,0.8,0.3,365.45,0,4.0,0.011284410263782074,-1.320209938038323
QC100882,Delhi-NCR,Road,634.6,0.98,2.2,1.78,4709.31,0,4.1,0.45015453173291176,-0.4625145524752711
QC100883,Delhi-NCR,Road,1368.1,2.09,3.9,3.9,10545.6,0,4.9,0.9773593042478258,0.6898612151157155
QC100884,Mumbai,Road,151.5,1.72,1.0,1.35,1149.27,1,3.9,0.10292532164163012,-1.1654446377956742
QC100885,Pune,Road,770.5,4.22,2.5,2.23,5950.16,0,4.6,0.5478329619780062,-0.21750865468484687
QC100886,Pune,Road,1370.7,1.85,3.8,3.31,10462.89,0,4.1,0.9792280600876879,0.6735301212637219
QC100887,Hyderabad,Road,781.2,1.06,2.9,2.49,5913.21,0,3.9,0.5555236110112844,-0.22480443412906345
QC100888,Pune,Road,272.2,2.66,1.4,1.16,2137.75,0,5.0,0.18967871774599296,-0.9702692097843284
QC100889,Bangalore,Rail,818.4,3.64,2.8,2.0,4500.65,0,3.8,0.582261194566233,-0.5037144804544388
QC100890,Pune,Air,292.6,2.55,1.6,0.3,5879.48,0,4.3,0.20434126356644866,-0.23146442440385182
QC100891,Hyderabad,Road,731.4,2.08,2.2,1.78,5531.54,0,5.0,0.5197297491554661,-0.3001651957115845
QC100892,Pune,Road,111.1,2.01,0.8,1.84,938.53,1,3.0,0.07388773089915907,-1.2070552618842862
QC100893,Bangalore,Rail,850.8,3.21,2.7,2.97,4705.61,1,2.7,0.6055487673398979,-0.463245117669956
QC100894,Mumbai,Air,727.4,1.76,2.6,0.76,14459.67,0,3.5,0.516854740171063,1.4626945425642919
QC100895,Hyderabad,Road,1038.3,2.47,3.1,3.46,7962.2,1,4.5,0.7403148134837921,0.17976874918366695
QC100896,Mumbai,Rail,885.9,4.71,2.7,2.62,4887.15,0,4.6,0.630776971178035,-0.42740003511777513
QC100897,Mumbai,Road,773.1,1.38,2.4,2.62,5929.43,1,2.9,0.5497017178178683,-0.22160179427560756
QC100898,Mumbai,Road,968.2,2.93,2.7,2.63,7517.58,0,4.3,0.6899302810321283,0.09197850678887431
QC100899,Delhi-NCR,Air,208.4,1.03,1.1,0.3,4122.87,0,4.1,0.1438223244447639,-0.5783071613322777
QC100900,Delhi-NCR,Road,836.7,3.44,2.4,2.95,6469.16,1,2.4,0.5954143606698772,-0.1150320773763646
QC100901,Mumbai,Rail,247.6,1.67,1.2,1.34,1262.8,1,3.7,0.17199741249191403,-1.1430281333220096
QC100902,Hyderabad,Air,1296.3,5.54,3.5,1.89,18781.1425,0,4.4,0.9257528929777906,2.3159695150743698
QC100903,Bangalore,Road,103.1,1.24,1.1,0.84,766.06,0,4.8,0.06813771293035291,-1.2411094724592264
QC100904,Bangalore,Road,607.1,3.0,2.1,1.83,4745.62,0,4.4,0.43038884496514057,-0.4553451410647298
QC100905,Pune,Road,976.6,6.25,3.0,3.07,7630.8,1,3.4,0.6959677998993747,0.11433380174622768
QC100906,Hyderabad,Road,645.6,1.62,2.2,3.15,4931.4,1,2.2,0.4580608064400202,-0.4186628702894508
QC100907,Delhi-NCR,Air,136.2,1.79,1.2,0.97,2730.85,0,4.9,0.09192841227628835,-0.8531615835768893
QC100908,Mumbai,Road,778.3,1.7,2.3,2.29,5995.06,0,3.9,0.5534392294975922,-0.20864314732232103
QC100909,Pune,Road,901.2,2.24,2.9,2.46,6956.58,0,4.0,0.6417738805433768,-0.018790972729542943
QC100910,Bangalore,Air,987.7,4.1,2.7,1.12,18781.1425,0,4.1,0.7039459498310933,2.3159695150743698
QC100911,Delhi-NCR,Road,527.6,2.14,1.9,1.43,4114.2,0,3.4,0.37324804140012946,-0.5800190532884714
QC100912,Delhi-NCR,Air,792.6,1.53,2.5,1.49,15698.23,0,4.1,0.5637173866168332,1.707248279734222
QC100913,Mumbai,Road,635.4,0.89,2.3,1.5,4972.73,0,4.1,0.45072953352979234,-0.41050225961476955
QC100914,Bangalore,Rail,943.5,7.86,3.1,2.69,5281.5,0,4.2,0.6721771005534393,-0.3495356068680641
QC100915,Hyderabad,Road,820.3,8.23,2.7,2.79,6507.74,1,2.4,0.5836268238338245,-0.10741445434638149
QC100916,Delhi-NCR,Road,739.9,4.2,2.6,2.35,5756.64,0,4.9,0.5258391432473227,-0.2557191888673853
QC100917,Mumbai,Road,355.3,1.85,1.5,1.12,2775.69,0,4.6,0.24940702939696688,-0.8443079232175206
QC100918,Hyderabad,Road,10.8,4.7,1.0,0.3,160.19,0,4.0,0.0017968806152519228,-1.3607385358385908
QC100919,Bangalore,Air,250.3,5.31,1.5,0.98,5024.89,0,4.1,0.17393804355638612,-0.4002032648702406
QC100920,Delhi-NCR,Air,171.0,2.58,0.8,0.3,3490.76,0,4.8,0.11694099044059512,-0.7031173140923253
QC100921,Hyderabad,Road,633.1,3.08,2.1,1.85,4914.53,0,4.3,0.4490764033637606,-0.421993852677108
QC100922,Hyderabad,Road,860.3,6.29,2.8,1.89,6686.62,0,3.8,0.6123769136778553,-0.07209458893416314
QC100923,Hyderabad,Road,304.6,1.12,1.4,1.33,2288.99,0,4.4,0.2129662905196579,-0.9404068638264578
QC100924,Delhi-NCR,Road,1315.2,5.47,3.5,3.69,10253.05,1,2.8,0.9393373104290952,0.6320972022224658
QC100925,Delhi-NCR,Road,17.3,2.5,1.2,0.78,184.1,0,4.0,0.006468770214906922,-1.3560175050805063
QC100926,Pune,Rail,1083.0,1.54,3.2,3.03,5802.32,0,5.0,0.7724430388844966,-0.24669967046381805
QC100927,Bangalore,Road,878.3,1.62,2.7,2.58,6753.04,0,4.9,0.6253144541076691,-0.0589799564393088
QC100928,Mumbai,Road,528.0,1.79,1.8,0.94,4059.36,0,5.0,0.3735355422985697,-0.590847214174015
QC100929,Hyderabad,Road,78.3,1.45,0.9,0.78,610.58,0,5.0,0.05031265722705384,-1.2718090066401952
QC100930,Pune,Air,881.5,8.7,2.6,1.26,17644.88,0,4.4,0.6276144612951916,2.091614424662078
QC100931,Mumbai,Air,544.8,4.03,2.2,0.84,10847.61,0,5.0,0.3856105800330626,0.7494931055067265
QC100932,Pune,Rail,1311.3,5.69,3.7,4.15,7165.11,1,3.6,0.9365341766693022,0.022383286742784194
QC100933,Delhi-NCR,Road,762.5,4.21,2.4,2.81,5990.65,1,2.8,0.5420829440092001,-0.20951390205436438
QC100934,Hyderabad,Road,1316.0,3.12,3.8,4.19,10019.19,1,3.3,0.9399123122259758,0.5859215329173375
QC100935,Mumbai,Rail,314.9,3.14,1.4,1.39,1753.9,0,4.1,0.2203694386544958,-1.0460604124815558
QC100936,Mumbai,Air,1018.2,2.37,3.1,0.91,18781.1425,0,3.8,0.7258678933371667,2.3159695150743698
QC100937,Mumbai,Road,867.2,2.49,2.7,2.61,6716.52,0,3.8,0.6173363041759506,-0.06619083236089979
QC100938,Mumbai,Air,1037.3,1.29,3.1,1.2,18781.1425,0,4.3,0.7395960612376914,2.3159695150743698
QC100939,Mumbai,Air,306.8,5.75,1.5,1.09,6299.43,0,4.8,0.21454754546107957,-0.14854527480713273
QC100940,Pune,Road,933.7,1.01,2.9,2.41,7262.92,0,4.9,0.6651333285416517,0.0416958763893019
QC100941,Hyderabad,Air,701.3,1.59,2.5,0.73,13845.03,0,3.8,0.49809530654783296,1.3413338422234722
QC100942,Delhi-NCR,Road,1042.0,3.0,3.2,3.22,8055.56,1,3.1,0.742974196794365,0.19820268609603683
QC100943,Delhi-NCR,Road,463.2,3.26,1.8,1.08,3621.77,0,4.6,0.32696039675123983,-0.6772493826989067
QC100944,Delhi-NCR,Road,1247.0,3.34,3.5,3.47,9518.42,0,4.5,0.8903184072450226,0.4870444700680722
QC100945,Delhi-NCR,Air,125.3,3.0,1.3,0.33,2444.55,0,4.7,0.08409401279378999,-0.9096915336412795
QC100946,Pune,Air,1131.6,1.19,3.3,1.57,18781.1425,0,4.2,0.8073743980449939,2.3159695150743698
QC100947,Bangalore,Air,1207.0,1.3,3.4,1.01,18781.1425,0,5.0,0.8615683174009919,2.3159695150743698
QC100948,Hyderabad,Road,1145.6,3.0,3.2,2.92,8907.91,0,4.4,0.8174369294904047,0.3664992384445625
QC100949,Mumbai,Air,721.7,1.75,2.4,1.46,14367.27,0,4.8,0.5127578523682887,1.4444501577024351
QC100950,Bangalore,Air,618.2,2.87,2.0,0.84,12407.19,0,4.2,0.43836699489685915,1.0574322585679266
QC100951,Delhi-NCR,Air,1394.8,4.02,4.0,2.27,18781.1425,0,4.4,0.9965499892187163,2.3159695150743698
QC100952,Bangalore,Air,327.0,6.91,1.4,0.36,6530.8,0,3.6,0.2290663408323151,-0.10286125613302186
QC100953,Hyderabad,Air,769.3,4.89,2.7,1.13,15369.49,0,4.0,0.5469704592826853,1.6423385494367453
QC100954,Mumbai,Road,941.6,1.65,2.8,2.63,7313.0,0,4.3,0.6708114712858478,0.051584175024386274
QC100955,Mumbai,Road,983.6,2.4,2.8,3.33,7591.21,1,3.4,0.7009990656220801,0.10651675416310083
QC100956,Hyderabad,Road,292.0,2.04,1.5,1.22,2357.55,0,5.0,0.20391001221878818,-0.926869688219002
QC100957,Hyderabad,Road,918.4,1.63,2.7,2.68,7047.7,0,4.2,0.6541364191763099,-0.0007993239350364026
QC100958,Delhi-NCR,Air,1147.2,1.42,3.3,2.07,18781.1425,0,3.7,0.818586933084166,2.3159695150743698
QC100959,Mumbai,Air,77.6,8.15,0.9,0.3,1672.72,0,5.0,0.049809530654783295,-1.0620894077530443
QC100960,Bangalore,Road,1276.8,3.02,3.7,3.2,9964.62,0,4.9,0.9117372241788256,0.5751466835460006
QC100961,Pune,Road,49.1,2.63,0.9,1.12,473.43,1,2.7,0.029325091640911377,-1.2988892813566852
QC100962,Pune,Air,503.5,4.02,1.7,0.59,9974.66,0,4.6,0.35592611226910087,0.5771290820742802
QC100963,Hyderabad,Road,30.0,4.14,0.8,0.84,415.18,1,5.0,0.015596923740386688,-1.3103907469216547
QC100964,Delhi-NCR,Road,115.4,5.88,1.2,1.64,944.66,1,3.4,0.07697836555739238,-1.205844893061741
QC100965,Pune,Road,1276.3,1.92,3.8,3.77,9799.08,0,4.6,0.9113778480557752,0.5424608018356996
QC100966,Mumbai,Road,502.0,3.83,1.9,1.74,3937.34,0,4.1,0.3548479838999497,-0.6149400695944023
QC100967,Hyderabad,Road,599.3,1.74,2.0,1.92,4648.96,0,4.7,0.42478257744555453,-0.4744306631507373
QC100968,Bangalore,Road,307.8,2.68,1.6,0.92,2431.93,0,4.2,0.21526629770718034,-0.9121833533053123
QC100969,Hyderabad,Road,839.2,3.11,2.7,2.17,6407.88,0,3.1,0.5972112412851291,-0.12713181660076492
QC100970,Bangalore,Rail,836.0,3.3,2.8,3.19,4603.02,1,5.0,0.5949112340976066,-0.4835015185679851
QC100971,Hyderabad,Road,526.1,3.21,2.0,2.37,4148.48,1,2.5,0.3721699130309783,-0.5732504654847436
QC100972,Hyderabad,Air,471.6,3.0,1.8,0.56,9489.47,0,4.9,0.33299791561848635,0.48132829104479546
QC100973,Hyderabad,Road,1239.9,2.1,3.6,3.62,9444.93,1,2.7,0.8852152662977073,0.4725338657012122
QC100974,Bangalore,Road,541.5,3.35,2.0,1.67,4163.44,0,3.2,0.3832386976209301,-0.5702966126975858
QC100975,Bangalore,Air,695.0,1.91,2.2,1.4,13732.71,0,3.5,0.49356716739739814,1.3191562523134743
QC100976,Hyderabad,Road,402.4,17.33,1.7,1.71,3410.69,1,3.3,0.2832602601883131,-0.7189271398054085
QC100977,Pune,Road,1103.2,1.74,3.2,3.02,8377.7,0,4.5,0.7869618342557322,0.26180924604623823
QC100978,Delhi-NCR,Road,561.2,1.97,2.1,1.79,4261.28,0,3.7,0.3973981168691153,-0.5509780995494896
QC100979,Delhi-NCR,Road,722.9,5.1,2.5,2.54,5582.08,1,2.8,0.5136203550636096,-0.29018607005229613
QC100980,Delhi-NCR,Road,360.7,2.32,1.4,1.39,2693.31,0,4.4,0.25328829152591104,-0.8605738585521504
QC100981,Bangalore,Road,1382.8,5.1,3.6,3.38,10668.55,0,4.9,0.9879249622655071,0.7141376990850369
QC100982,Bangalore,Air,413.8,3.29,1.7,0.62,8126.07,0,3.8,0.29145403579386187,0.2121248893060966
QC100983,Pune,Road,1080.9,2.36,3.2,2.83,8340.49,0,4.6,0.770933659167685,0.25446212958834086
QC100984,Delhi-NCR,Air,603.1,1.91,2.2,0.62,11951.94,0,3.5,0.4275138359807375,0.9675431221138099
QC100985,Delhi-NCR,Air,295.1,1.87,1.5,0.86,5839.2,0,4.6,0.2061381441817006,-0.23941771252328464
QC100986,Hyderabad,Rail,1121.2,2.37,3.5,3.79,6069.5,1,3.7,0.799899374685546,-0.19394496540547446
QC100987,Bangalore,Road,472.4,2.71,1.8,2.2,3659.02,1,3.6,0.33357291741536693,-0.6698943682389048
QC100988,Delhi-NCR,Air,1212.3,1.82,3.4,1.3,18781.1425,0,4.9,0.865377704305326,2.3159695150743698
QC100989,Pune,Road,1282.0,2.81,3.5,3.67,9936.91,1,3.8,0.9154747358585497,0.5696753425879696
QC100990,Pune,Road,1204.9,1.56,3.5,3.22,9306.4,0,5.0,0.8600589376841804,0.44518110991210985
QC100991,Delhi-NCR,Road,56.7,4.73,0.9,1.64,652.8,1,3.4,0.03478760871127723,-1.2634726654186843
QC100992,Bangalore,Air,1104.0,5.3,2.9,1.53,18781.1425,0,5.0,0.7875368360526127,2.3159695150743698
QC100993,Pune,Road,580.6,1.97,2.1,2.01,4485.47,0,3.9,0.4113419104434702,-0.5067117722531722
QC100994,Hyderabad,Road,1224.2,1.9,3.5,3.42,9371.91,0,4.3,0.8739308560339252,0.4581160628590823
QC100995,Pune,Road,896.0,3.34,2.7,2.29,6889.09,0,4.3,0.6380363688636528,-0.032116876780697946
QC100996,Mumbai,Air,1168.4,6.42,3.4,1.57,18781.1425,0,3.9,0.8338244807015023,2.3159695150743698
QC100997,Mumbai,Air,703.2,7.33,2.2,0.43,13995.33,0,3.2,0.4994609358154245,1.3710105851318821
QC100998,Bangalore,Air,752.8,1.29,2.7,0.44,14942.4,0,4.8,0.5351110472220226,1.5580096064643374
QC100999,Delhi-NCR,Road,209.0,5.49,1.3,1.57,1696.54,1,2.8,0.14425357579242434,-1.0573861474996955
QC101000,Bangalore,Road,1099.3,2.9,2.9,2.03,8418.16,0,4.2,0.784158700495939,0.2697980751751421
QC101001,Bangalore,Air,591.8,2.93,2.1,0.7,11707.31,0,5.0,0.41939193559979876,0.9192409157419907
QC101002,Bangalore,Road,704.1,4.07,2.4,1.53,5611.11,0,4.7,0.5001078128369152,-0.28445409502481017
QC101003,Bangalore,Road,1100.9,2.25,3.0,2.57,8378.59,0,5.0,0.7853087040897004,0.2619849765930677
QC101004,Hyderabad,Air,841.6,5.8,2.7,1.3,16764.01,0,4.5,0.598936246675771,1.9176865968129007
QC101005,Hyderabad,Rail,287.9,7.06,1.7,1.91,1755.1,1,3.6,0.200963128009775,-1.0458234724184146
QC101006,Pune,Air,829.6,7.22,2.5,1.65,16587.78,0,4.3,0.5903112197225617,1.8828899740401188
QC101007,Mumbai,Air,575.4,0.99,2.1,0.48,11382.33,0,4.0,0.40760439876374616,0.8550735976423558
QC101008,Bangalore,Rail,661.6,2.62,2.3,2.0,3548.27,0,4.7,0.4695608423776325,-0.6917619615662929
QC101009,Pune,Road,47.4,0.94,1.0,2.33,387.32,1,3.1,0.028103212822540066,-1.3158917053875783
QC101010,Mumbai,Road,300.4,1.9,1.4,1.1,2173.89,0,4.7,0.20994753108603462,-0.963133364882732
QC101011,Delhi-NCR,Rail,399.2,0.71,1.5,1.55,2178.65,1,3.0,0.28096025300079064,-0.9621935026322728
QC101012,Hyderabad,Road,1000.4,3.94,3.1,2.65,7726.07,0,4.3,0.7130741033565731,0.13314486825909677
QC101013,Mumbai,Air,24.0,3.43,0.7,0.3,601.15,0,4.4,0.011284410263782074,-1.2736709606363783
QC101014,Delhi-NCR,Road,577.0,2.32,2.3,1.89,4387.21,0,4.9,0.40875440235750743,-0.5261132144233678
QC101015,Mumbai,Road,1294.2,1.87,3.7,3.19,9914.88,0,4.2,0.9242435132609791,0.5653255179288059
QC101016,Hyderabad,Air,163.7,3.63,1.1,0.47,3332.81,0,5.0,0.1116940990440595,-0.7343045499032593
QC101017,Hyderabad,Rail,726.9,1.64,2.6,2.69,3967.11,1,2.8,0.5164953640480127,-0.6090619815279794
QC101018,Pune,Air,1102.8,1.57,3.2,1.06,18781.1425,0,4.5,0.7866743333572918,2.3159695150743698
QC101019,Bangalore,Road,1320.0,1.46,3.6,3.32,10085.43,0,4.1,0.9427873212103789,0.5990006244027207
QC101020,Mumbai,Rail,1047.5,2.66,3.0,3.29,5788.37,1,3.9,0.7469273341479192,-0.24945409869783214
QC101021,Mumbai,Road,1011.0,2.12,2.7,2.89,7787.87,1,2.9,0.7206928771652412,0.14534728151085827
QC101022,Delhi-NCR,Road,1158.5,2.39,3.4,2.76,8805.7,0,4.0,0.8267088334651046,0.346317868566528
QC101023,Hyderabad,Road,629.1,4.11,1.9,2.14,4939.59,1,2.7,0.4462013943793575,-0.4170457543585134
QC101024,Mumbai,Road,1129.7,5.35,3.1,2.14,8642.55,0,4.5,0.8060087687774026,0.31410389248198267
QC101025,Hyderabad,Road,19.1,7.17,0.9,0.61,256.75,0,4.7,0.007762524257888307,-1.3416727587578452
QC101026,Mumbai,Rail,1295.0,3.11,3.6,4.12,7082.78,1,3.5,0.9248185150578596,0.006127223910785468
QC101027,Pune,Air,625.1,3.7,2.2,1.36,12516.4,0,4.3,0.44332638539495445,1.0789957788142834
QC101028,Bangalore,Air,778.3,3.36,2.3,1.13,15330.54,0,4.1,0.5534392294975922,1.634647869887294
QC101029,Mumbai,Road,362.8,1.1,1.5,1.6,2837.92,1,3.2,0.2547976712427226,-0.8320206064431337
QC101030,Hyderabad,Rail,1041.6,2.41,3.1,3.44,5719.72,1,3.2,0.7426866958959246,-0.2630090448100234
QC101031,Pune,Rail,114.7,2.41,0.9,0.8,629.34,0,4.5,0.07647523898512183,-1.2681048436530908
QC101032,Mumbai,Air,1222.7,2.21,3.7,2.57,18781.1425,0,4.5,0.8728527276647741,2.3159695150743698
QC101033,Delhi-NCR,Road,1160.7,2.93,3.2,3.78,8748.98,1,4.2,0.8282900884065264,0.33511850158206324
QC101034,Bangalore,Road,308.8,2.63,1.7,0.69,2244.78,0,4.4,0.2159850499532811,-0.9491361306526773
QC101035,Mumbai,Road,1134.6,1.66,3.3,2.25,8776.08,0,4.6,0.8095306547832962,0.3404693980079975
QC101036,Pune,Road,1102.6,2.74,3.0,2.84,8451.88,0,4.4,0.7865305829080715,0.27645609094940404
QC101037,Delhi-NCR,Road,888.0,2.05,2.6,3.27,6809.33,1,3.1,0.6322863508948466,-0.047865492977469754
QC101038,Pune,Rail,527.9,0.62,2.0,2.09,2875.9,1,3.5,0.3734636670739596,-0.8245214534447212
QC101039,Pune,Road,385.9,1.3,1.8,0.56,2953.58,0,4.2,0.27140084812765036,-0.8091835333573938
QC101040,Delhi-NCR,Road,330.6,3.17,1.8,1.39,2558.63,0,4.4,0.2316538489182779,-0.8871664316386751
QC101041,Pune,Road,451.5,5.78,1.8,1.59,3581.68,0,5.0,0.31855099547186083,-0.6851651553083423
QC101042,Delhi-NCR,Road,1265.8,0.7,3.4,2.74,9606.24,0,4.2,0.9038309494717172,0.504384533688941
QC101043,Mumbai,Road,116.1,1.78,1.1,0.83,989.8,0,4.6,0.0774814921296629,-1.196931997686587
QC101044,Delhi-NCR,Road,1161.8,3.89,3.2,3.05,8943.97,0,3.2,0.8290807158772372,0.37361928734194944
QC101045,Delhi-NCR,Road,493.7,5.09,1.9,1.11,3808.09,0,4.3,0.3488823402573133,-0.6404604888952141
QC101046,Bangalore,Air,734.1,2.33,2.3,1.6,14508.71,0,4.2,0.5216703802199383,1.472377493144654
QC101047,Delhi-NCR,Rail,1113.9,1.99,2.9,3.5,6053.44,1,3.4,0.7946524832890104,-0.19711601325051156
QC101048,Delhi-NCR,Road,1239.1,6.25,3.7,3.37,9573.23,0,4.3,0.8846402645008266,0.49786670745203726
QC101049,Mumbai,Road,487.9,4.84,1.8,1.32,3726.62,0,4.5,0.34471357722992885,-0.6565467446819618
QC101050,Bangalore,Air,650.9,5.03,2.2,0.88,12942.25,0,4.2,0.46187019334435425,1.1630798837214458
QC101051,Hyderabad,Road,585.0,2.27,2.2,2.68,4467.56,1,3.5,0.41450442032631357,-0.5102481026955517
QC101052,Mumbai,Road,26.4,5.86,1.1,0.3,383.15,0,3.5,0.01300941565442392,-1.3167150721069931
QC101053,Mumbai,Rail,420.0,0.94,1.8,1.58,2292.75,0,4.5,0.29591029971968663,-0.939664451628616
QC101054,Hyderabad,Road,647.2,5.92,2.2,2.17,5151.8,0,3.9,0.45921081003378145,-0.37514487869255375
QC101055,Delhi-NCR,Road,580.2,2.89,2.1,1.71,4447.95,0,5.0,0.4110544095450299,-0.5141200982273809
QC101056,Pune,Road,1012.9,3.25,3.0,2.7,7789.72,0,3.9,0.7220585064328326,0.14571256410820072
QC101057,Bangalore,Road,543.6,1.7,2.0,1.86,4212.33,0,4.9,0.38474807733774175,-0.5606432796251162
QC101058,Pune,Road,689.2,1.01,2.3,1.81,5326.81,0,4.4,0.48939840437001375,-0.34058914498396514
QC101059,Hyderabad,Air,606.0,3.2,2.0,0.83,12099.66,0,3.5,0.4295982174944297,0.9967104438864668
QC101060,Mumbai,Road,1039.0,4.18,3.1,2.57,7970.32,0,4.0,0.7408179400560627,0.18137204361092105
QC101061,Mumbai,Road,1209.3,4.58,3.5,3.06,9282.0,0,4.8,0.8632214475670237,0.44036332862824296
QC101062,Bangalore,Air,748.4,4.29,2.5,1.07,14874.21,0,4.8,0.5319485373391792,1.54454548737635
QC101063,Mumbai,Road,1106.9,3.75,3.3,3.12,8624.14,0,3.8,0.789621217566305,0.31046883701329453
QC101064,Mumbai,Road,421.1,1.73,1.5,2.23,3192.51,1,4.1,0.2967009271903975,-0.7620067922854945
QC101065,Bangalore,Rail,761.6,4.76,2.6,1.35,4166.7,0,4.4,0.5414360669877094,-0.5696529255260527
QC101066,Bangalore,Road,488.6,1.61,2.0,1.45,3810.56,0,4.8,0.3452167038021994,-0.639972787265249
QC101067,Hyderabad,Air,584.6,5.84,2.1,0.4,11720.78,0,3.8,0.41421691942787325,0.9219005679507487
QC101068,Mumbai,Air,1027.5,2.86,3.1,1.15,18781.1425,0,4.2,0.7325522892259039,2.3159695150743698
QC101069,Mumbai,Air,1235.3,2.91,3.5,1.86,18781.1425,0,4.6,0.8819090059656437,2.3159695150743698
QC101070,Hyderabad,Road,177.1,5.05,1.3,1.52,1381.81,1,3.1,0.12132537914180981,-1.1195296025600012
QC101071,Delhi-NCR,Rail,891.4,5.48,2.6,3.79,4870.75,1,1.8,0.6347301085315892,-0.43063821598070207
QC101072,Delhi-NCR,Road,818.3,4.77,2.8,3.12,6413.44,1,3.2,0.582189319341623,-0.12603399430821172
QC101073,Delhi-NCR,Air,172.8,1.84,1.3,0.45,3500.98,0,3.4,0.11823474448357651,-0.7010993745545745
QC101074,Hyderabad,Road,303.0,4.75,1.6,1.89,2323.35,1,2.8,0.21181628692589663,-0.9336224800185204
QC101075,Mumbai,Road,440.9,1.84,1.7,2.14,3458.17,1,2.6,0.3109322216631927,-0.7095522113071296
QC101076,Hyderabad,Road,240.4,4.82,1.1,1.24,2004.35,1,3.9,0.1668223963199885,-0.9966090468035028
QC101077,Hyderabad,Rail,347.3,1.28,1.7,2.15,1901.69,1,4.0,0.2436570114281607,-1.0168792692052153
QC101078,Delhi-NCR,Rail,380.5,2.84,1.4,1.87,2131.4,1,3.5,0.26751958599870623,-0.9715230176184496
QC101079,Pune,Road,475.3,1.84,2.0,2.21,3729.85,1,3.2,0.33565729892905916,-0.6559089810120073
QC101080,Mumbai,Road,1051.2,5.06,3.0,2.71,8091.02,0,4.4,0.7495867174584921,0.20520426496185337
QC101081,Delhi-NCR,Air,804.1,5.87,2.3,1.0,16166.62,0,5.0,0.5719830374469921,1.799731909879733
QC101082,Pune,Road,1380.9,3.39,3.8,3.19,10698.29,0,3.4,0.9865593329979158,0.7200098636498816
QC101083,Pune,Road,585.3,3.32,2.3,1.82,4568.75,0,3.9,0.4147200460001438,-0.49026813187118695
QC101084,Bangalore,Air,1057.4,4.58,3.0,1.3,18781.1425,0,4.9,0.7540429813843169,2.3159695150743698
QC101085,Mumbai,Road,1221.1,5.89,3.7,2.75,9477.12,0,5.0,0.8717027240710127,0.4788897828949696
QC101086,Pune,Rail,953.1,3.07,3.0,3.07,5108.38,1,3.6,0.6790771221160067,-0.3837181599772056
QC101087,Delhi-NCR,Road,581.3,2.23,2.1,1.85,4612.01,0,3.9,0.4118450370157407,-0.48172644259495384
QC101088,Bangalore,Road,1057.0,4.43,3.0,2.22,8233.52,0,4.9,0.7537554804858766,0.23334089745984707
QC101089,Mumbai,Road,291.5,3.0,1.4,1.6,2335.46,1,4.0,0.20355063609573779,-0.9312313598813226
QC101090,Hyderabad,Air,464.0,5.19,1.9,1.3,9282.47,0,4.8,0.32753539854812047,0.440456130152973
QC101091,Delhi-NCR,Road,769.0,1.96,2.6,2.92,5896.51,1,2.1,0.5467548336088551,-0.22810185000777566
QC101092,Pune,Road,809.0,2.6,2.5,2.35,6195.19,0,4.5,0.5755049234528858,-0.169127468291981
QC101093,Pune,Road,38.8,5.21,0.8,0.68,439.41,0,4.7,0.021921943506073453,-1.3056065321467327
QC101094,Delhi-NCR,Air,1323.6,2.34,3.7,1.41,18781.1425,0,4.1,0.9453748292963415,2.3159695150743698
QC101095,Pune,Road,977.7,4.43,3.1,2.92,7547.9,0,4.5,0.6967584273700856,0.09796519238423684
QC101096,Bangalore,Road,698.0,5.95,2.1,2.0,5479.58,0,4.1,0.4957234241357005,-0.31042470044558984
QC101097,Mumbai,Air,1306.9,3.21,3.8,2.72,18781.1425,0,4.0,0.9333716667864589,2.3159695150743698
QC101098,Bangalore,Road,619.2,3.62,2.2,2.21,4864.68,1,4.1,0.4390857471429599,-0.43183673780009024
QC101099,Pune,Road,1372.8,2.8,3.5,3.74,10551.26,1,3.4,0.9807374398044995,0.6909787824135305
QC101100,Hyderabad,Rail,721.1,3.22,2.3,2.67,3861.41,1,2.7,0.5123266010206282,-0.6299324520896491
QC101101,Mumbai,Road,167.1,1.54,1.3,1.32,1265.83,1,2.6,0.11413785668080212,-1.1424298596625786
QC101102,Mumbai,Air,1072.6,2.52,3.4,0.98,18781.1425,0,4.0,0.7649680155250486,2.3159695150743698
QC101103,Delhi-NCR,Road,953.0,1.39,2.7,3.41,7259.25,1,2.9,0.6790052468913966,0.040971234696195666
QC101104,Delhi-NCR,Air,1084.0,1.75,2.7,1.13,18781.1425,0,4.5,0.7731617911305974,2.3159695150743698
QC101105,Hyderabad,Road,1332.4,0.9,3.5,3.47,10216.36,0,4.6,0.9516998490620284,0.62485275979193
QC101106,Mumbai,Road,1088.9,3.52,3.3,2.12,18781.1425,0,4.6,0.7766836771364912,2.3159695150743698
QC101107,Hyderabad,Rail,859.0,8.29,2.4,3.31,4938.58,1,2.9,0.6114425357579243,-0.4172451789116571
QC101108,Delhi-NCR,Air,1201.4,2.28,3.6,1.8,18781.1425,0,4.9,0.8575433048228277,2.3159695150743698
QC101109,Delhi-NCR,Road,945.2,5.36,3.0,2.71,7282.85,0,5.0,0.6733989793718106,0.04563105593796873
QC101110,Mumbai,Road,576.1,5.9,2.1,1.41,4511.96,0,4.3,0.40810752533601674,-0.5014813203593347
QC101111,Bangalore,Rail,1240.8,1.46,3.4,4.09,6871.54,1,2.8,0.8858621433191979,-0.0355821252041351
QC101112,Pune,Road,316.9,1.66,1.5,1.25,2452.9,0,4.5,0.22180694314669733,-0.9080428257019235
QC101113,Delhi-NCR,Air,1002.8,5.44,3.1,1.16,18781.1425,0,5.0,0.7147991087472149,2.3159695150743698
QC101114,Delhi-NCR,Air,1235.1,2.84,3.6,2.51,18781.1425,0,3.9,0.8817652555164235,2.3159695150743698
QC101115,Bangalore,Road,1026.0,1.38,3.3,2.32,7895.26,0,4.1,0.7314741608567528,0.1665514426614516
QC101116,Bangalore,Road,978.6,2.05,2.9,2.95,7506.76,1,3.3,0.6974053043915763,0.08984209721955304
QC101117,Hyderabad,Air,1055.7,3.86,2.9,1.0,18781.1425,0,4.7,0.7528211025659456,2.3159695150743698
QC101118,Hyderabad,Road,655.4,1.87,2.0,2.0,5093.92,0,3.4,0.4651045784518077,-0.38657328773805466
QC101119,Pune,Road,1224.8,0.57,3.2,3.49,9365.93,1,4.0,0.8743621073815856,0.45693531154442973
QC101120,Pune,Rail,291.2,2.48,1.5,1.44,1549.59,0,5.0,0.20333501042190755,-1.086401432731837
QC101121,Mumbai,Road,185.3,2.6,1.2,1.06,1469.96,0,4.2,0.12721914755983613,-1.1021243804217684
QC101122,Hyderabad,Air,405.4,3.02,1.7,0.53,8165.41,0,5.0,0.2854165169266154,0.21989257437606904
QC101123,Delhi-NCR,Road,748.0,6.39,2.4,1.82,5787.62,0,5.0,0.5316610364407389,-0.24960218623729524
QC101124,Hyderabad,Road,718.7,3.1,2.2,2.87,5573.89,1,3.9,0.5106015956299864,-0.29180318598323335
QC101125,Delhi-NCR,Road,1150.3,3.48,3.4,3.24,8790.09,0,5.0,0.8208150650470784,0.34323567324516874
QC101126,Bangalore,Road,571.2,3.0,1.7,1.8,4409.17,1,3.9,0.404585639330123,-0.5217772112678875
QC101127,Hyderabad,Road,682.2,3.02,2.2,2.48,5351.21,1,3.3,0.48436713864730835,-0.3357713637000982
QC101128,Bangalore,Road,26.6,3.0,1.0,0.72,439.92,0,4.3,0.013153166103644075,-1.3055058326198976
QC101129,Pune,Air,578.4,1.41,1.9,0.61,11498.64,0,3.9,0.4097606555020485,0.878039013262297
QC101130,Pune,Road,909.7,1.72,2.8,3.06,6850.86,1,3.0,0.6478832746352333,-0.039665392292265046
QC101131,Mumbai,Road,29.6,4.34,0.7,0.84,271.39,1,5.0,0.015309422841946382,-1.338782089987525
QC101132,Hyderabad,Road,399.0,6.38,1.6,1.63,3203.6,1,3.3,0.2808165025515705,-0.7598170712019665
QC101133,Bangalore,Road,297.5,2.66,1.5,1.21,2236.81,0,5.0,0.20786314957234242,-0.950709807572039
QC101134,Delhi-NCR,Road,66.4,1.64,0.8,1.49,516.25,1,2.2,0.04175950549845469,-1.290434470103604
QC101135,Pune,Road,675.1,8.64,2.4,1.79,5366.03,0,5.0,0.4792639976999929,-0.33284515392030695
QC101136,Pune,Road,261.0,1.87,1.4,1.34,1939.64,0,3.9,0.18162869258966435,-1.0093860397083811
QC101137,Delhi-NCR,Road,1042.4,3.68,3.3,2.96,7939.84,0,4.3,0.7432616976928054,0.17535376600713973
QC101138,Bangalore,Road,1188.3,6.61,3.4,2.13,9119.85,0,4.0,0.8481276503989075,0.40834680259631545
QC101139,Bangalore,Air,767.5,2.3,2.3,0.3,15257.97,0,5.0,0.5456767052397039,1.6203189195688417
QC101140,Hyderabad,Road,1374.5,2.07,4.1,3.39,10518.77,0,4.2,0.9819593186228708,0.6845636302039879
QC101141,Hyderabad,Road,635.1,2.15,2.0,1.83,4949.9,0,4.7,0.4505139078559621,-0.41501004431602706
QC101142,Mumbai,Air,722.6,5.16,2.3,1.87,14407.62,0,4.7,0.5134047293897794,1.4524172673255513
QC101143,Pune,Road,1385.0,5.68,4.0,3.92,10810.32,0,3.8,0.9895062172069289,0.7421301930446198
QC101144,Hyderabad,Rail,330.3,3.07,1.2,1.95,1764.63,1,3.3,0.23143822324444766,-1.0439417734169698
QC101145,Bangalore,Road,1320.0,9.3,3.9,2.91,10285.31,0,5.0,0.9427873212103789,0.6384669409199063
QC101146,Delhi-NCR,Road,67.6,3.06,0.8,0.85,524.51,1,2.9,0.0426220081937756,-1.2888035326689833
QC101147,Bangalore,Road,629.4,6.52,2.1,2.72,4968.28,1,3.7,0.4464170200531877,-0.4113809123489174
QC101148,Pune,Road,105.4,2.32,1.1,0.35,855.27,0,4.2,0.06979084309638468,-1.223494953265219
QC101149,Bangalore,Road,1023.1,12.19,3.0,2.76,7986.55,0,5.0,0.7293897793430605,0.18457665796490313
QC101150,Mumbai,Road,854.9,7.71,2.8,3.01,6669.34,1,4.2,0.6084956515489112,-0.07550652584339347
QC101151,Pune,Rail,991.6,2.78,2.7,3.65,5409.07,1,2.3,0.7067490835908863,-0.3243469036556498
QC101152,Delhi-NCR,Road,529.3,7.1,2.1,2.65,4140.99,1,2.6,0.3744699202185007,-0.5747293663788486
QC101153,Mumbai,Road,522.3,6.89,2.1,1.75,4163.25,0,4.2,0.3694386544957953,-0.570334128207583
QC101154,Pune,Road,71.1,7.63,1.1,1.0,619.39,0,5.0,0.0451376410551283,-1.270069471676635
QC101155,Delhi-NCR,Road,495.1,0.68,1.6,1.9,3925.22,1,3.6,0.3498885934018544,-0.6173331642321265
QC101156,Mumbai,Road,1301.6,4.63,3.4,3.51,10097.8,1,2.7,0.9295622798821246,0.6014430815535989
QC101157,Mumbai,Air,535.9,4.16,1.9,0.44,10706.62,0,4.7,0.3792136850427658,0.7216546225881854
QC101158,Pune,Air,1165.3,3.99,3.1,1.83,18781.1425,0,3.9,0.8315963487385898,2.3159695150743698
QC101159,Hyderabad,Road,1180.5,3.42,3.1,3.47,9073.83,1,3.7,0.8425213828793215,0.399260151174858
QC101160,Mumbai,Air,527.6,3.49,1.9,0.83,10545.98,0,4.7,0.37324804140012946,0.6899362461357099
QC101161,Mumbai,Rail,887.7,6.49,2.8,3.55,4923.76,1,2.8,0.6320707252210164,-0.4201713886914484
QC101162,Delhi-NCR,Rail,140.8,4.15,1.5,1.07,882.87,0,4.4,0.0952346726083519,-1.2180453318129763
QC101163,Bangalore,Road,152.3,3.42,1.2,1.33,1316.42,1,3.9,0.10350032343851075,-1.1324408615006594
QC101164,Pune,Air,75.7,5.95,1.2,0.89,1638.9,0,3.5,0.04844390138719184,-1.0687671685325681
QC101165,Pune,Road,816.8,3.86,2.6,2.74,6380.51,1,3.5,0.5811111909724718,-0.13253602454090588
QC101166,Hyderabad,Rail,601.1,4.09,2.2,1.98,3286.54,0,3.8,0.42607633148853596,-0.743440563837871
QC101167,Hyderabad,Road,770.9,9.21,2.5,2.55,6050.8,1,3.3,0.5481204628764466,-0.19763728138942166
QC101168,Pune,Road,733.3,2.31,2.8,3.0,5749.62,1,3.5,0.5210953784230576,-0.2571052882367602
QC101169,Hyderabad,Air,495.5,1.21,1.8,0.3,9868.49,0,5.0,0.35017609430029467,0.5561658099878802
QC101170,Delhi-NCR,Road,951.0,3.14,2.8,2.87,7346.57,1,3.3,0.677567742399195,0.05821257329075567
QC101171,Pune,Rail,1063.8,3.42,3.2,3.92,5760.89,1,4.0,0.7586429957593618,-0.25488002614376093
QC101172,Hyderabad,Rail,28.4,4.63,0.9,0.77,294.7,0,4.0,0.014446920146625457,-1.334179529261011
QC101173,Pune,Air,296.5,3.2,1.4,0.92,5881.41,0,4.2,0.20714439732624165,-0.23108334580229997
QC101174,Bangalore,Road,1000.8,4.73,3.1,3.1,7676.69,0,4.7,0.7133616042550133,0.12339478466084461
QC101175,Mumbai,Air,546.2,13.5,2.0,0.91,11064.66,0,4.5,0.38661683317760376,0.7923496394273547
QC101176,Pune,Road,930.2,4.86,2.8,2.85,7059.36,1,3.1,0.662617695680299,0.0015029436784836138
QC101177,Mumbai,Road,491.0,5.4,1.9,1.64,3890.01,0,4.2,0.34694170919284123,-0.6242853805847886
QC101178,Hyderabad,Air,551.9,2.78,1.7,1.03,11000.28,0,5.0,0.3907137209803781,0.7796378050398403
QC101179,Mumbai,Road,228.9,1.31,1.1,1.89,1753.5,1,3.2,0.15855674548982965,-1.0461393925026026
QC101180,Pune,Road,367.5,0.76,1.8,1.39,2809.33,0,3.9,0.2581758067993962,-0.837665703447468
QC101181,Bangalore,Rail,850.7,2.2,2.6,2.48,4626.22,0,4.0,0.605476892115288,-0.4789206773472592
QC101182,Hyderabad,Road,611.0,0.64,2.1,2.45,4638.32,1,3.6,0.43319197872493354,-0.47653153171058754
QC101183,Pune,Road,1085.8,4.09,3.4,2.65,8391.06,0,5.0,0.7744555451735787,0.26444717874920776
QC101184,Hyderabad,Rail,1194.8,2.39,3.4,3.72,6479.98,1,3.0,0.8527995399985625,-0.11289566780704331
QC101185,Delhi-NCR,Road,762.0,1.37,2.4,2.25,5860.71,0,5.0,0.5417235678861497,-0.2351705618914822
QC101186,Mumbai,Air,1063.5,3.25,3.3,1.24,18781.1425,0,4.4,0.7584273700855316,2.3159695150743698
QC101187,Delhi-NCR,Rail,435.2,1.93,1.7,1.92,12153.347806071572,1,3.2,0.3068353338604183,1.0073111040202167
QC101188,Pune,Rail,585.6,3.94,2.3,2.5,3249.87,1,5.0,0.41493567167397405,-0.7506810572673548
QC101189,Bangalore,Air,1000.2,4.59,3.1,1.07,18781.1425,0,4.3,0.712930352907353,2.3159695150743698
QC101190,Hyderabad,Road,545.6,1.97,2.3,2.18,4177.81,0,4.0,0.3861855818299433,-0.5674592554414721
QC101191,Mumbai,Road,827.2,2.61,2.5,2.65,6398.79,1,2.9,0.5885862143319198,-0.12892663757905803
QC101192,Hyderabad,Air,266.0,3.42,1.6,0.33,5359.53,0,3.6,0.1852224538201682,-0.3341285792623207
QC101193,Pune,Rail,842.9,1.29,2.7,3.22,4497.85,1,4.2,0.599870624595702,-0.5042673406017676
QC101194,Hyderabad,Road,1207.2,3.42,3.2,3.78,9355.23,1,3.8,0.8617120678502121,0.45482259598142233
QC101195,Mumbai,Road,1217.1,1.27,3.1,2.42,9457.06,0,4.5,0.8688277150866096,0.4749289348394623
QC101196,Pune,Road,1016.3,4.22,2.9,2.95,7845.37,1,3.2,0.7245022640695752,0.1567006595363645
QC101197,Hyderabad,Road,1046.1,2.31,3.1,2.84,8033.97,0,4.4,0.7459210810033782,0.193939739460025
QC101198,Bangalore,Air,784.6,1.27,2.6,1.53,15545.16,0,4.0,0.5579673686480271,1.6770246001800615
QC101199,Pune,Road,821.9,2.12,2.6,2.2,6362.93,0,3.8,0.5847768274275857,-0.1360071964659215
